fluid	gene	uniprot	Mass spectrometry	SomaScan	Olink PEA	Luminex xMAP	NULISAseq	ELISA-based protein array	group	pe	p_seq	pep_n_unique	pep_n_clean	pep_frac_shared	ensg	is_secreted	has_signal	ms_class	on_somascan	on_olink	org_lysate_ms	org_lysate_aff	org_media_ms	org_media_aff	druggable	approved_drug
plasma	A1BG	P04217	1	0	0	0	0	0	ms_only	1.0	0.6462415473297943	15.0	10.0	0.0	ENSG00000121410	1.0	1.0	chemistry_limited	1	1	0.0	1.0	0.0	1.0	1	1
plasma	A2M	P01023	1	0	0	1	0	0	ms_only	1.0	0.9148703059268368	60.0	36.0	0.1304347826086956	ENSG00000175899	1.0	1.0	confirmable	1	0	1.0	1.0	1.0	1.0	1	1
plasma	ACE	P12821	1	0	0	1	0	0	ms_only	1.0	0.851623417555103	53.0	29.0	0.0	ENSG00000159640	1.0	1.0	confirmable	1	1	0.0	1.0	0.0	1.0	1	1
plasma	ACHE	P22303	0	1	0	0	0	0	affinity_only	1.0	0.8052526043989328	25.0	14.0	0.0384615384615384				confirmable	1	1					1	1
plasma	ADA10	O14672	1	0	0	0	0	0	ms_only	1.0	0.6959706437640514	29.0	8.0	0.0	ENSG00000137845	0.0	1.0	confirmable	1	0	1.0	1.0	0.0	1.0	0	0
plasma	ADAMTS13	Q76LX8	0	1	0	0	0	0	affinity_only	1.0	0.7965027478195319	61.0	18.0	0.0	ENSG00000160323	1.0	1.0	confirmable	1	1	0.0	1.0	0.0	0.0	0	0
plasma	AFM	P43652	1	0	0	0	0	0	ms_only	1.0	0.7882705176403894	36.0	15.0	0.0	ENSG00000079557	1.0	1.0	confirmable	1	1	0.0	1.0	0.0	1.0	0	0
plasma	AGER	Q15109	0	1	0	1	0	0	affinity_only	1.0	0.6728239627505849	10.0	5.0	0.0	ENSG00000204305	1.0	1.0	chemistry_limited	1	1	0.0	1.0	0.0	1.0	1	1
plasma	AGRP	O00253	0	1	0	0	0	0	affinity_only	1.0	0.4507874234334664	3.0	0.0	0.0	ENSG00000159723	1.0	1.0	inference_limited	1	1	0.0	1.0	0.0	1.0	1	0
plasma	ALAD	P13716	0	1	0	0	0	0	affinity_only	1.0	0.7394354910640991	15.0	4.0	0.0	ENSG00000148218	0.0	0.0	confirmable	1	0	1.0	1.0	0.0	1.0	1	0
plasma	AMBP	P02760	1	0	0	1	0	0	ms_only	1.0	0.7392947440218476	8.0	2.0	0.0	ENSG00000106927	1.0	1.0	inference_limited	1	1	0.0	1.0	0.0	1.0	0	0
plasma	AMOTL2	Q9Y2J4	0	0	1	0	0	0	affinity_only	1.0	0.9221760446681176	34.0	24.0	0.0285714285714285				confirmable	1	1					0	0
plasma	ANG2 (VPS51)	Q9UID3	0	0	0	1	0	1	other_only	1.0	0.9018973904357792	36.0	22.0	0.0	ENSG00000149823	0.0	0.0	confirmable	0	0	1.0	0.0	0.0	0.0	0	0
plasma	ANTXR2	P58335	0	1	0	0	0	0	affinity_only	1.0	0.8051212491893642	19.0	15.0	0.05				confirmable	1	0					0	0
plasma	APMAP	Q9HDC9	1	0	0	0	0	0	ms_only	1.0	0.9192238196366982	20.0	11.0	0.0	ENSG00000101474	0.0	0.0	confirmable	1	0	1.0	1.0	0.0	0.0	0	0
plasma	APOA1	P02647	1	0	0	0	0	0	ms_only	1.0	0.9363265023038614	17.0	15.0	0.0	ENSG00000118137	1.0	1.0	confirmable	1	1	1.0	1.0	1.0	1.0	1	1
plasma	APOA2	P02652	0	0	0	1	0	0	other_only	1.0	0.8054385839745986	4.0	3.0	0.0	ENSG00000158874	1.0	1.0	confirmable	1	1	1.0	1.0	1.0	1.0	1	0
plasma	APOA4	P06727	1	0	0	0	0	0	ms_only	1.0	0.9367580561933818	23.0	20.0	0.0	ENSG00000110244	1.0	1.0	confirmable	1	1	0.0	1.0	0.0	1.0	1	0
plasma	APOB	P04114	0	1	0	1	0	0	affinity_only	1.0	0.9729280581539628	247.0	177.0	0.0040322580645161	ENSG00000084674	1.0	1.0	confirmable	1	1	0.0	1.0	0.0	0.0	1	1
plasma	APOC1	P02654	1	0	0	0	0	0	ms_only	1.0	0.8163138251306651	3.0	3.0	0.0	ENSG00000130208	1.0	1.0	confirmable	1	0	1.0	1.0	0.0	1.0	1	1
plasma	APOC2	P02655	1	0	0	0	0	0	ms_only	1.0	0.7335587406768012	4.0	3.0	0.0	ENSG00000234906	1.0	1.0	confirmable	1	0	0.0	1.0	0.0	1.0	1	1
plasma	APOC3	P02656	0	1	0	1	0	0	affinity_only	1.0	0.878468928045169	4.0	4.0	0.0	ENSG00000110245	1.0	1.0	confirmable	1	0	1.0	1.0	1.0	0.0	1	1
plasma	APOC4	P55056	1	0	0	0	0	0	ms_only	1.0	0.7425811527221808	6.0	4.0	0.0	ENSG00000267467	1.0	1.0	confirmable	0	0					1	1
plasma	APOD	P05090	1	1	0	1	0	0	both	1.0	0.6524352210515	8.0	4.0	0.0	ENSG00000189058	1.0	1.0	chemistry_limited	1	1	0.0	1.0	0.0	1.0	1	1
plasma	APOE	P02649	1	1	1	1	0	0	both	1.0	0.9481296278632114	21.0	16.0	0.0	ENSG00000130203	1.0	1.0	confirmable	1	1	1.0	1.0	1.0	1.0	1	1
plasma	APOF	Q13790	0	1	0	0	0	0	affinity_only	1.0	0.7360897465520867	4.0	2.0	0.0				inference_limited	1	1					1	1
plasma	APOH	P02749	1	0	0	1	0	0	ms_only	1.0	0.5872477522944385	16.0	2.0	0.0	ENSG00000091583	1.0	1.0	inference_limited	1	1	0.0	0.0	0.0	1.0	1	0
plasma	APOM	O95445	0	1	0	0	0	0	affinity_only	1.0	0.6931782719269478	10.0	4.0	0.0	ENSG00000204444	1.0	1.0	confirmable	1	1	0.0	1.0	0.0	1.0	0	0
plasma	AQR	O60306	1	0	0	0	0	0	ms_only	1.0	0.8836817887188422	64.0	35.0	0.0153846153846153				confirmable	0	0					0	0
plasma	ARPC2	O15144	0	1	0	0	0	0	affinity_only	1.0	0.9244849188455262	19.0	11.0	0.0	ENSG00000163466	0.0	0.0	confirmable	1	0	1.0	1.0	0.0	1.0	0	0
plasma	ASB9	Q96DX5	0	1	0	0	0	0	affinity_only	1.0	0.7436579243847928	11.0	4.0	0.0	ENSG00000102048	0.0	0.0	confirmable	1	0	1.0	1.0	0.0	1.0	0	0
plasma	ATRN	O75882	1	0	0	0	0	0	ms_only	1.0	0.7977628563652436	55.0	16.0	0.0178571428571428	ENSG00000088812	1.0	1.0	confirmable	1	1	1.0	1.0	0.0	1.0	0	0
plasma	AXIN1	O15169	0	0	1	0	0	0	affinity_only	1.0	0.8674176868828001	40.0	24.0	0.0	ENSG00000103126	0.0	0.0	confirmable	1	1	1.0	1.0	0.0	1.0	1	0
plasma	B2M	P61769	0	0	0	1	0	0	other_only	1.0	0.7601806917496268	5.0	4.0	0.0	ENSG00000166710	1.0	1.0	confirmable	1	1	1.0	1.0	1.0	1.0	1	1
plasma	BACE1	P56817	0	0	0	0	1	0	other_only	1.0	0.7926488202655567	15.0	9.0	0.0	ENSG00000186318	0.0	1.0	confirmable	1	1	1.0	1.0	0.0	1.0	1	0
plasma	BASP1	P80723	0	0	0	0	1	0	other_only	1.0	0.9215406202111596	11.0	11.0	0.0	ENSG00000176788	0.0	0.0	confirmable	1	0	1.0	1.0	1.0	1.0	0	0
plasma	BCAN	Q96GW7	0	0	1	0	0	0	affinity_only	1.0	0.7475235979981696	34.0	17.0	0.0285714285714285	ENSG00000132692	1.0	1.0	confirmable	1	1	1.0	1.0	0.0	1.0	0	0
plasma	BCHE	P06276	1	0	0	0	0	0	ms_only	1.0	0.8429618768731287	24.0	13.0	0.04	ENSG00000114200	1.0	1.0	confirmable	1	1	1.0	1.0	0.0	1.0	1	1
plasma	BDNF	P23560	0	0	0	0	1	0	other_only	1.0	0.7826076546460776	15.0	7.0	0.0	ENSG00000176697	1.0	1.0	confirmable	1	1	0.0	1.0	0.0	1.0	1	1
plasma	BGLAP	P02818	1	0	0	0	0	0	ms_only	1.0	0.6025007565101556	2.0	1.0	0.0				inference_limited	1	1					1	1
plasma	BLNK	Q8WV28	0	0	1	0	0	0	affinity_only	1.0	0.8079789247377658	21.0	17.0	0.0	ENSG00000095585	0.0	0.0	confirmable	1	1	0.0	1.0	0.0	0.0	0	0
plasma	BRK1	Q8WUW1	0	0	1	0	0	0	affinity_only	1.0	0.8047847172801068	5.0	4.0	0.0				confirmable	1	1					0	0
plasma	BTD	P43251	1	0	0	0	0	0	ms_only	1.0	0.7357883145300436	21.0	4.0	0.0	ENSG00000169814	1.0	1.0	confirmable	1	1	1.0	1.0	0.0	1.0	1	1
plasma	BTN3A2	P78410	0	0	1	0	0	0	affinity_only	1.0	0.9119201919932148	9.0	5.0	0.4705882352941176	ENSG00000186470	0.0	1.0	confirmable	1	1	0.0	1.0	0.0	1.0	0	0
plasma	C1QC	P02747	1	0	0	0	0	0	ms_only	1.0	0.6588321835169867	10.0	7.0	0.0	ENSG00000159189	1.0	1.0	chemistry_limited	1	0	0.0	1.0	0.0	0.0	1	0
plasma	C3	P01024	1	1	0	1	0	0	both	1.0	0.9539734193042138	94.0	55.0	0.0105263157894736	ENSG00000125730	1.0	1.0	confirmable	1	1	0.0	1.0	0.0	1.0	1	1
plasma	C4A	P0C0L4	1	0	0	0	0	0	ms_only	1.0	0.6399853008561981	0.0	0.0	1.0	ENSG00000244731	1.0	1.0	inference_locked	1	0	0.0	1.0	0.0	0.0	1	0
plasma	C4BPA	P04003	1	0	0	0	0	0	ms_only	1.0	0.6855116547149492	28.0	9.0	0.0	ENSG00000123838	1.0	1.0	chemistry_limited	1	0	0.0	1.0	0.0	0.0	1	0
plasma	C5	P01031	1	0	0	0	0	0	ms_only	1.0	0.9025529465827984	25.0	21.0	0.0	ENSG00000106804	1.0	1.0	confirmable	1	1	0.0	1.0	0.0	1.0	1	1
plasma	C6	P13671	0	1	0	0	0	0	affinity_only	1.0	0.7647073121865289	44.0	13.0	0.0	ENSG00000039537	1.0	1.0	confirmable	1	0	0.0	1.0	0.0	0.0	1	0
plasma	C7	P10643	1	1	0	0	0	0	both	1.0	0.8480046054852486	42.0	14.0	0.0232558139534883	ENSG00000112936	1.0	1.0	confirmable	1	1	0.0	1.0	0.0	1.0	1	0
plasma	C9	P02748	1	0	0	0	0	0	ms_only	1.0	0.8060632040624537	26.0	14.0	0.0	ENSG00000113600	1.0	1.0	confirmable	1	1	0.0	1.0	0.0	1.0	1	0
plasma	CALCA	P06881	0	0	0	1	0	0	other_only	1.0	0.632504992290445	2.0	1.0	0.3333333333333333				inference_limited	1	0					1	1
plasma	CAMP	P49913	1	0	0	0	0	0	ms_only	1.0	0.4740497277512393	1.0	1.0	0.0	ENSG00000164047	1.0	1.0	inference_limited	1	0	0.0	1.0	0.0	1.0	1	0
plasma	CANT1	Q8WVQ1	0	1	0	0	0	0	affinity_only	1.0	0.9436668517735468	22.0	16.0	0.0	ENSG00000171302	1.0	0.0	confirmable	1	1	1.0	1.0	0.0	1.0	0	0
plasma	CAT	P04040	0	1	0	0	0	0	affinity_only	1.0	0.9169578588930104	29.0	16.0	0.0	ENSG00000121691	0.0	0.0	confirmable	1	1	1.0	1.0	1.0	1.0	1	1
plasma	CBLN4	Q9NTU7	0	1	0	0	0	0	affinity_only	1.0	0.8255127552021535	9.0	6.0	0.0				confirmable	1	1					0	0
plasma	CCL11	P51671	0	0	0	1	0	0	other_only	1.0	0.4435457916751527	2.0	0.0	0.0				inference_limited	1	1					1	1
plasma	CCL18	P55774	0	1	0	0	0	0	affinity_only	1.0	0.5584830844542706	3.0	0.0	0.0				inference_limited	1	1					1	1
plasma	CCL20	P78556	0	0	0	1	0	0	other_only	1.0	0.443508553621815	3.0	1.0	0.0				inference_limited	1	1					1	0
plasma	CCL22	O00626	0	1	0	0	0	0	affinity_only	1.0	0.505164782403048	2.0	0.0	0.0				inference_limited	1	1					1	0
plasma	CCL25	O15444	0	1	0	0	0	0	affinity_only	1.0	0.3317506309315265	5.0	2.0	0.0	ENSG00000131142	1.0	1.0	inference_limited	1	1	0.0	1.0	0.0	1.0	1	0
plasma	CCL26	Q9Y258	0	0	0	1	0	0	other_only	1.0	0.4101158425671466	3.0	1.0	0.0				inference_limited	1	1					0	0
plasma	CCL3	P10147	0	0	0	1	0	0	other_only	1.0	0.6772809639629657	1.0	0.0	0.6666666666666666				inference_limited	1	1					1	1
plasma	CCL4	P13236	0	0	0	0	1	0	other_only	1.0	0.53674546416861	0.0	0.0	1.0	ENSG00000275302	1.0	1.0	inference_locked	1	1	0.0	1.0	0.0	0.0	1	1
plasma	CCT5	P48643	0	1	0	0	0	0	affinity_only	1.0	0.9254276559178496	32.0	14.0	0.0303030303030303	ENSG00000150753	0.0	0.0	confirmable	1	1	1.0	1.0	1.0	0.0	0	0
plasma	CD200	P41217	0	0	1	0	0	0	affinity_only	1.0	0.5453938411039181	9.0	3.0	0.0	ENSG00000091972	0.0	1.0	chemistry_limited	1	1	1.0	1.0	0.0	1.0	1	0
plasma	CD209	Q9NNX6	0	1	0	0	0	0	affinity_only	1.0	0.89012637888852	17.0	9.0	0.3461538461538461	ENSG00000090659	1.0	0.0	confirmable	1	0	0.0	1.0	0.0	1.0	0	0
plasma	CD2AP	Q9Y5K6	0	0	1	0	0	0	affinity_only	1.0	0.9302172549634312	37.0	31.0	0.0	ENSG00000198087	0.0	0.0	confirmable	1	1	1.0	1.0	0.0	1.0	0	0
plasma	CD40	P25942	0	0	0	1	0	0	other_only	1.0	0.6826674895887391	11.0	1.0	0.0	ENSG00000101017	1.0	1.0	inference_limited	0	1	0.0	1.0	0.0	0.0	1	1
plasma	CD55	P08174	0	0	1	0	0	0	affinity_only	1.0	0.6640064749245919	19.0	6.0	0.0	ENSG00000196352	1.0	1.0	chemistry_limited	1	1	1.0	1.0	0.0	1.0	1	1
plasma	CD74	P04233	0	0	1	0	0	0	affinity_only	1.0	0.5489031876910975	14.0	5.0	0.0	ENSG00000019582	1.0	0.0	chemistry_limited	1	1	1.0	1.0	0.0	1.0	1	0
plasma	CD86	P42081	0	0	1	0	0	0	affinity_only	1.0	0.3929315957409757	8.0	4.0	0.0	ENSG00000114013	0.0	1.0	chemistry_limited	1	1	0.0	1.0	0.0	1.0	1	1
plasma	CDC5L	Q99459	1	0	0	0	0	0	ms_only	1.0	0.908502083088706	35.0	24.0	0.0	ENSG00000096401	0.0	0.0	confirmable	1	0	1.0	1.0	0.0	0.0	1	1
plasma	CDCP1	Q9H5V8	0	1	1	0	0	0	affinity_only	1.0	0.6585106129240936	39.0	13.0	0.0	ENSG00000163814	1.0	1.0	chemistry_limited	1	1	0.0	1.0	0.0	1.0	0	0
plasma	CDH5	P33151	1	0	0	0	0	0	ms_only	1.0	0.8873365867681053	26.0	13.0	0.0	ENSG00000179776	0.0	1.0	confirmable	1	1	0.0	1.0	0.0	1.0	1	0
plasma	CDHR5	Q9HBB8	0	0	1	0	0	0	affinity_only	1.0	0.7979099926386213	21.0	12.0	0.0	ENSG00000099834	0.0	1.0	confirmable	1	1	0.0	1.0	0.0	0.0	0	0
plasma	CDON	Q4KMG0	0	1	0	0	0	0	affinity_only	1.0	0.8395624650661613	49.0	27.0	0.02	ENSG00000064309	0.0	1.0	confirmable	1	1	0.0	1.0	0.0	1.0	0	0
plasma	CEND1	Q8N111	0	0	1	0	0	0	affinity_only	1.0	0.6919478305509269	7.0	6.0	0.0	ENSG00000184524	0.0	0.0	confirmable	1	1	1.0	1.0	0.0	1.0	0	0
plasma	CFB	P00751	1	0	0	0	0	0	ms_only	1.0	0.8460801833127266	36.0	19.0	0.0	ENSG00000243649	1.0	1.0	confirmable	1	1	0.0	1.0	1.0	1.0	1	1
plasma	CFH	P08603	1	0	0	1	0	0	ms_only	1.0	0.8327288788234947	52.0	10.0	0.1333333333333333	ENSG00000000971	1.0	1.0	confirmable	1	1	0.0	1.0	0.0	1.0	1	1
plasma	CFI	P05156	1	0	0	0	0	0	ms_only	1.0	0.7636500876342905	26.0	7.0	0.0	ENSG00000205403	1.0	1.0	confirmable	1	1	1.0	1.0	1.0	1.0	1	0
plasma	CGA	P01215	0	0	0	1	0	0	other_only	1.0	0.43986077510573	4.0	1.0	0.0	ENSG00000135346	1.0	1.0	inference_limited	1	0	0.0	1.0	0.0	1.0	1	1
plasma	CHI3L1	P36222	0	1	0	0	0	0	affinity_only	1.0	0.8940852817056334	21.0	13.0	0.0				confirmable	1	1					1	0
plasma	CHL1	O00533	0	1	0	0	0	0	affinity_only	1.0	0.8635355928795736	44.0	19.0	0.0	ENSG00000134121	1.0	1.0	confirmable	1	1	0.0	1.0	0.0	1.0	1	0
plasma	CHRDL1	Q9BU40	0	1	0	0	0	0	affinity_only	1.0	0.6700015178720183	22.0	8.0	0.0	ENSG00000101938	1.0	1.0	chemistry_limited	1	1	1.0	1.0	0.0	1.0	0	0
plasma	CILP2	Q8IUL8	0	1	0	0	0	0	affinity_only	1.0	0.762269826580275	59.0	29.0	0.0	ENSG00000160161	1.0	1.0	confirmable	1	0	1.0	1.0	0.0	0.0	0	0
plasma	CIQB	P02746	1	0	0	0	0	0	ms_only	1.0	0.6460501264858441	12.0	8.0	0.0	ENSG00000173369	1.0	1.0	chemistry_limited	1	0	0.0	1.0	0.0	1.0	0	0
plasma	CISD1	Q9NZ45	0	1	0	0	0	0	affinity_only	1.0	0.7259491199891567	5.0	2.0	0.0	ENSG00000122873	0.0	0.0	inference_limited	1	0	1.0	1.0	0.0	1.0	0	0
plasma	CLNS1A	P54105	1	0	0	0	0	0	ms_only	1.0	0.8956281473186719	8.0	5.0	0.0	ENSG00000074201	0.0	0.0	confirmable	0	1	1.0	1.0	0.0	0.0	0	0
plasma	CLU	P10909	1	1	0	1	0	0	both	1.0	0.7314710216704605	19.0	10.0	0.0	ENSG00000120885	1.0	1.0	confirmable	1	1	1.0	1.0	1.0	1.0	1	0
plasma	CNN1	P51911	0	1	0	0	0	0	affinity_only	1.0	0.7584740194494699	13.0	2.0	0.0714285714285714	ENSG00000130176	0.0	0.0	inference_limited	1	0	1.0	1.0	0.0	1.0	1	0
plasma	CP	P00450	1	0	0	0	0	0	ms_only	1.0	0.8954219359605665	45.0	23.0	0.0	ENSG00000047457	1.0	1.0	confirmable	1	0	1.0	1.0	1.0	1.0	1	1
plasma	CPLX1	O14810	0	1	0	0	0	0	affinity_only	1.0	0.7926971141834888	4.0	0.0	0.2	ENSG00000168993	0.0	0.0	inference_limited	1	0	1.0	1.0	0.0	1.0	0	0
plasma	CPLX2	Q6PUV4	0	1	0	0	0	0	affinity_only	1.0	0.7981072909840586	4.0	0.0	0.2	ENSG00000145920	0.0	0.0	inference_limited	1	0	1.0	1.0	0.0	1.0	0	0
plasma	CR1	P17927	0	1	1	0	0	0	affinity_only	1.0	0.8412565225727415	77.0	23.0	0.1894736842105263	ENSG00000203710	0.0	1.0	confirmable	1	1	0.0	1.0	0.0	1.0	1	0
plasma	CRIP1	P50238	1	0	0	0	0	0	ms_only	1.0	0.7025555174451007	4.0	2.0	0.0	ENSG00000213145	0.0	0.0	inference_limited	1	0	1.0	1.0	0.0	1.0	1	1
plasma	CRISPLD2	Q9H0B8	1	0	0	0	0	0	ms_only	1.0	0.6647218511781261	23.0	6.0	0.0416666666666666	ENSG00000103196	1.0	1.0	chemistry_limited	1	0	0.0	1.0	0.0	0.0	1	1
plasma	CRP	P02741	1	1	0	1	0	0	both	1.0	0.81336328295405	6.0	5.0	0.0	ENSG00000132693	1.0	1.0	confirmable	1	0	0.0	1.0	0.0	0.0	1	1
plasma	CRTAC1	Q9NQ79	1	0	0	0	0	0	ms_only	1.0	0.8599181263261957	23.0	13.0	0.0	ENSG00000095713	1.0	1.0	confirmable	1	1	1.0	1.0	1.0	1.0	0	0
plasma	CSF3	P09919	0	1	0	0	0	0	affinity_only	1.0	0.544462558994832	3.0	2.0	0.0				inference_limited	1	1					1	1
plasma	CST3	P01034	1	0	0	1	0	0	ms_only	1.0	0.6233977228530313	6.0	2.0	0.0	ENSG00000101439	1.0	1.0	inference_limited	1	1	1.0	1.0	1.0	1.0	1	1
plasma	CST5	P28325	0	0	1	0	0	0	affinity_only	1.0	0.7099651020339255	6.0	2.0	0.0	ENSG00000170367	1.0	1.0	inference_limited	1	1	0.0	1.0	0.0	0.0	1	0
plasma	CST7	O76096	0	0	1	0	0	0	affinity_only	1.0	0.5626221638296764	7.0	3.0	0.0	ENSG00000077984	1.0	1.0	chemistry_limited	1	1	0.0	1.0	0.0	1.0	0	0
plasma	CTF1	Q16619	0	1	0	0	0	0	affinity_only	1.0	0.4960737708830268	9.0	8.0	0.0	ENSG00000150281	1.0	0.0	chemistry_limited	1	1	0.0	1.0	0.0	1.0	1	0
plasma	CTPS1	P17812	0	1	0	0	0	0	affinity_only	1.0	0.8864855639208538	24.0	14.0	0.1428571428571428	ENSG00000171793	0.0	0.0	confirmable	1	1	1.0	1.0	0.0	1.0	1	1
plasma	CTSD	P07339	0	0	0	1	0	0	other_only	1.0	0.8483504945786259	16.0	7.0	0.0	ENSG00000117984	1.0	1.0	confirmable	1	1	1.0	1.0	1.0	1.0	1	1
plasma	CTSH	P09668	0	0	0	0	0	0	unclassified	1.0	0.7846758229425884	8.0	3.0	0.0	ENSG00000103811	0.0	1.0	confirmable	1	1	1.0	1.0	0.0	1.0	1	0
plasma	CUL1	Q13616	0	1	0	0	0	0	affinity_only	1.0	0.8531514483522499	47.0	27.0	0.0	ENSG00000055130	0.0	0.0	confirmable	1	0	1.0	1.0	0.0	1.0	0	0
plasma	CX3CL1	P78423	0	0	1	0	0	0	affinity_only	1.0	0.7174686216184042	18.0	10.0	0.0	ENSG00000006210	1.0	1.0	confirmable	1	1	0.0	1.0	0.0	1.0	1	1
plasma	CXCL12	P48061	0	1	0	0	0	0	affinity_only	1.0	0.6008945742608066	4.0	2.0	0.0	ENSG00000107562	1.0	1.0	inference_limited	1	0	1.0	1.0	0.0	1.0	1	1
plasma	DCTN2	Q13561	0	0	1	0	0	0	affinity_only	1.0	0.9370613861968344	20.0	15.0	0.0	ENSG00000175203	0.0	0.0	confirmable	1	1	1.0	1.0	1.0	1.0	0	0
plasma	DKK3	Q9UBP4	0	1	0	0	0	0	affinity_only	1.0	0.7553738364107484	17.0	4.0	0.0	ENSG00000050165	1.0	1.0	confirmable	1	1	1.0	1.0	1.0	1.0	1	0
plasma	DNAJB12	Q9NXW2	0	1	0	0	0	0	affinity_only	1.0	0.8603430210439603	15.0	12.0	0.0625	ENSG00000148719	0.0	0.0	confirmable	1	0	1.0	1.0	0.0	1.0	0	0
plasma	DNJB9	Q9UBS3	0	1	0	0	0	0	affinity_only	1.0	0.863615033499729	11.0	8.0	0.0	ENSG00000128590	0.0	1.0	confirmable	1	0	1.0	1.0	0.0	1.0	0	0
plasma	ECM1	Q16610	1	0	0	0	0	0	ms_only	1.0	0.6769615180843784	29.0	14.0	0.0	ENSG00000143369	1.0	1.0	chemistry_limited	1	1	1.0	1.0	1.0	1.0	0	0
plasma	EFEMP1	Q12805	0	1	0	0	0	0	affinity_only	1.0	0.7209543491519858	21.0	6.0	0.0	ENSG00000115380	1.0	1.0	confirmable	1	1	1.0	1.0	0.0	1.0	0	0
plasma	EGF	P01133	0	0	0	0	0	1	other_only	1.0	0.8936352228794197	53.0	21.0	0.0				confirmable	1	1					1	1
plasma	EGFR	P00533	0	1	0	0	0	0	affinity_only	1.0	0.8719645586025313	55.0	23.0	0.0517241379310344	ENSG00000146648	1.0	1.0	confirmable	1	1	1.0	1.0	0.0	1.0	1	1
plasma	ELN	P15502	0	0	1	0	0	0	affinity_only	1.0	0.8354916313154049	8.0	8.0	0.0	ENSG00000049540	1.0	1.0	confirmable	1	1	1.0	1.0	0.0	1.0	1	0
plasma	ERAP2	Q6P179	1	0	0	0	0	0	ms_only	1.0	0.9009491326365692	51.0	24.0	0.0	ENSG00000164308	0.0	0.0	confirmable	1	0	0.0	1.0	0.0	1.0	1	0
plasma	F12	P00748	1	0	0	0	0	0	ms_only	1.0	0.4423222425754837	22.0	3.0	0.0	ENSG00000131187	1.0	1.0	chemistry_limited	1	1	0.0	1.0	0.0	1.0	1	1
plasma	FAHD2A	Q96GK7	0	1	0	0	0	0	affinity_only	1.0	0.6616795778323036	2.0	1.0	0.8	ENSG00000115042	0.0	0.0	inference_limited	1	0	1.0	1.0	1.0	1.0	0	0
plasma	FAM135B	Q49AJ0	1	0	0	0	0	0	ms_only	1.0	0.8986260252714747	53.0	28.0	0.0701754385964912	ENSG00000147724	0.0	0.0	confirmable	0	1	0.0	0.0	0.0	0.0	0	0
plasma	FBLN1	P23142	1	0	0	0	0	0	ms_only	1.0	0.8597952964624318	31.0	10.0	0.0	ENSG00000077942	1.0	1.0	confirmable	1	0	1.0	1.0	1.0	1.0	0	0
plasma	FBLN5	Q9UBX5	0	1	0	0	0	0	affinity_only	1.0	0.6680930268624437	16.0	3.0	0.0	ENSG00000140092	1.0	1.0	chemistry_limited	1	0	1.0	1.0	0.0	1.0	0	0
plasma	FCN2	Q15485	0	1	0	1	0	0	affinity_only	1.0	0.8135840021957873	11.0	5.0	0.2142857142857142				confirmable	1	1					1	1
plasma	FCRL3	Q96P31	0	0	1	0	0	0	affinity_only	1.0	0.7394138070974613	23.0	13.0	0.0	ENSG00000160856	0.0	1.0	confirmable	1	1	0.0	1.0	0.0	0.0	0	0
plasma	FCRL5	Q96RD9	0	0	1	0	0	0	affinity_only	1.0	0.7572579222928273	36.0	19.0	0.0				confirmable	1	1					0	0
plasma	FGB	P02675	1	0	0	0	0	0	ms_only	1.0	0.8650583812890679	26.0	12.0	0.0	ENSG00000171564	1.0	1.0	confirmable	1	0	0.0	1.0	0.0	1.0	1	1
plasma	FGFBP3	Q8TAT2	0	1	0	0	0	0	affinity_only	1.0	0.4956824959519725	10.0	5.0	0.0	ENSG00000174721	1.0	1.0	chemistry_limited	1	1	1.0	1.0	1.0	1.0	0	0
plasma	FGA	P02671	1	0	0	0	0	0	ms_only	1.0	0.9097850094567173	34.0	21.0	0.0	ENSG00000171560	1.0	1.0	confirmable	0	1	0.0	0.0	0.0	0.0	1	1
plasma	FGG	P02679	1	0	0	0	0	0	ms_only	1.0	0.89326123719791	25.0	14.0	0.0	ENSG00000171557	1.0	1.0	confirmable	1	1	0.0	1.0	0.0	1.0	1	1
plasma	FLT1	P17948	0	0	0	0	1	0	other_only	1.0	0.8057859319454216	68.0	30.0	0.0422535211267605	ENSG00000102755	1.0	1.0	confirmable	1	1	0.0	1.0	0.0	0.0	1	1
plasma	FLT3LG	P49771	0	0	1	0	0	0	affinity_only	1.0	0.405768660561626	7.0	3.0	0.0				chemistry_limited	1	1					0	0
plasma	FN1	P02751	1	0	0	0	0	0	ms_only	1.0	0.8480879248017723	95.0	56.0	0.0	ENSG00000115414	1.0	1.0	confirmable	1	1	1.0	1.0	1.0	1.0	1	1
plasma	FRZB	Q92765	0	1	0	0	0	0	affinity_only	1.0	0.549642036356142	9.0	4.0	0.0				chemistry_limited	1	1					1	0
plasma	FSH	P01225	0	0	0	1	0	0	other_only	1.0	0.677288456866225	5.0	1.0	0.0	ENSG00000131808	1.0	1.0	inference_limited	1	1	0.0	1.0	0.0	0.0	0	0
plasma	GABARAPL1	Q9H0R8	0	1	0	0	0	0	affinity_only	1.0	0.6039054365643616	1.0	1.0	0.6666666666666666	ENSG00000139112	0.0	0.0	inference_limited	1	0	1.0	1.0	0.0	1.0	0	0
plasma	GAPDHS	O14556	0	1	0	0	0	0	affinity_only	1.0	0.6649636417714722	17.0	11.0	0.0555555555555555	ENSG00000105679	0.0	0.0	chemistry_limited	1	0	0.0	1.0	0.0	0.0	0	0
plasma	GAS1	P54826	0	1	0	0	0	0	affinity_only	1.0	0.8107365763609733	9.0	1.0	0.0	ENSG00000180447	0.0	1.0	inference_limited	1	1	1.0	1.0	0.0	1.0	1	1
plasma	GC	P02774	1	0	0	0	0	0	ms_only	1.0	0.7672820871870061	26.0	11.0	0.037037037037037	ENSG00000145321	1.0	1.0	confirmable	1	1	0.0	1.0	1.0	1.0	1	1
plasma	GDF15	Q99988	0	1	0	0	0	0	affinity_only	1.0	0.4722438467078892	6.0	2.0	0.0	ENSG00000130513	1.0	1.0	inference_limited	1	1	1.0	1.0	1.0	1.0	1	1
plasma	GDF2	Q9UK05	0	1	0	0	0	0	affinity_only	1.0	0.638933997439453	8.0	3.0	0.1111111111111111	ENSG00000263761	1.0	1.0	chemistry_limited	1	1	0.0	1.0	0.0	1.0	1	1
plasma	GELS	P06396	1	0	0	0	0	0	ms_only	1.0	0.9312708667766446	31.0	23.0	0.0	ENSG00000148180	1.0	1.0	confirmable	1	1	1.0	1.0	1.0	1.0	0	0
plasma	GFAP	P14136	0	0	1	0	1	0	affinity_only	1.0	0.9380514371105712	27.0	22.0	0.1	ENSG00000131095	0.0	0.0	confirmable	1	1	0.0	1.0	0.0	0.0	1	1
plasma	GHR	P10912	0	1	0	0	0	0	affinity_only	1.0	0.6696064428328518	18.0	8.0	0.0	ENSG00000112964	1.0	1.0	chemistry_limited	1	1	0.0	1.0	0.0	1.0	1	1
plasma	GIG18	Q2TU84	0	0	0	1	0	0	other_only									unscored	0	0					0	0
plasma	GLI2	P10070	0	0	0	1	0	0	other_only	1.0	0.5915159006510884	35.0	17.0	0.1463414634146341	ENSG00000074047	0.0	0.0	chemistry_limited	1	1	1.0	1.0	0.0	1.0	0	0
plasma	GLRX3	O76003	0	1	0	0	0	0	affinity_only	1.0	0.9128071129399488	17.0	11.0	0.0	ENSG00000108010	0.0	0.0	confirmable	1	0	1.0	1.0	0.0	1.0	0	0
plasma	GLTPD2	A6NH11	0	1	0	0	0	0	affinity_only	1.0	0.6829801406129546	18.0	11.0	0.0	ENSG00000182327	0.0	0.0	chemistry_limited	1	0	0.0	1.0	0.0	1.0	0	0
plasma	GOLPH3	Q9H4A6	1	0	0	0	0	0	ms_only	1.0	0.9122176120420408	14.0	9.0	0.125	ENSG00000113384	0.0	0.0	confirmable	1	0	1.0	1.0	0.0	1.0	0	0
plasma	GOT1	P17174	0	0	0	1	0	0	other_only	1.0	0.8507655171512973	21.0	13.0	0.0	ENSG00000120053	0.0	0.0	confirmable	1	1	1.0	1.0	1.0	1.0	0	0
plasma	GP1BB	P13224	1	0	0	0	0	0	ms_only	1.0	0.4636458401412797	5.0	4.0	0.0				chemistry_limited	1	1					0	0
plasma	GPD1	Q8N335	0	1	0	0	0	0	affinity_only	1.0	0.8550128273084994	20.0	8.0	0.0476190476190476				confirmable	1	0					0	0
plasma	GPLD1	P80108	1	0	0	0	0	0	ms_only	1.0	0.911941436189334	35.0	20.0	0.0	ENSG00000112293	1.0	1.0	confirmable	1	0	0.0	1.0	0.0	1.0	1	1
plasma	GRID2	O43424	0	1	0	0	0	0	affinity_only	1.0	0.8830459611295598	42.0	20.0	0.0232558139534883	ENSG00000152208	0.0	1.0	confirmable	1	0	1.0	1.0	0.0	0.0	1	1
plasma	GRN	P28799	0	1	1	0	0	0	affinity_only	1.0	0.5925899491947679	21.0	7.0	0.0	ENSG00000030582	1.0	1.0	chemistry_limited	1	1	1.0	1.0	0.0	1.0	1	0
plasma	H2AC25	Q7L7L0	0	1	0	0	0	0	affinity_only	1.0	0.1932879574136863	0.0	0.0	1.0	ENSG00000181218	0.0	0.0	inference_locked	1	0	0.0	1.0	0.0	1.0	1	1
plasma	HAGH	Q16775	0	0	1	0	0	0	affinity_only	1.0	0.8534722630880992	14.0	7.0	0.0	ENSG00000063854	0.0	0.0	confirmable	1	1	1.0	1.0	0.0	1.0	0	0
plasma	HAVCR1	Q96D42	0	1	0	1	0	0	affinity_only	1.0	0.6493329714588864	12.0	7.0	0.0	ENSG00000113249	0.0	1.0	chemistry_limited	1	1	0.0	1.0	0.0	0.0	0	0
plasma	HGF	P14210	0	0	0	1	0	0	other_only	1.0	0.6364491269012802	27.0	5.0	0.0	ENSG00000019991	1.0	1.0	chemistry_limited	1	1	0.0	1.0	0.0	0.0	1	1
plasma	HP	P00738	1	0	0	0	0	0	ms_only	1.0	0.7465569284635537	9.0	5.0	0.55	ENSG00000257017	1.0	1.0	confirmable	1	0	0.0	1.0	1.0	1.0	1	1
plasma	HPX	P02790	1	0	0	0	0	0	ms_only	1.0	0.732832433091701	21.0	8.0	0.0454545454545454	ENSG00000110169	1.0	1.0	confirmable	1	0	1.0	1.0	1.0	1.0	1	0
plasma	HSPA1A	P0DMV8	0	1	0	0	0	0	affinity_only	1.0	0.7513630070550286	0.0	0.0	1.0	ENSG00000204389	1.0	0.0	inference_locked	1	1	1.0	1.0	1.0	1.0	1	1
plasma	HSPA1B	P0DMV9	0	1	0	0	0	0	affinity_only	1.0	0.7513630070550286	0.0	0.0	1.0	ENSG00000204388	0.0	0.0	inference_locked	1	0	0.0	1.0	0.0	1.0	1	0
plasma	HTATIP2	Q9BUP3	0	0	0	1	0	0	other_only	1.0	0.9232684621062098	15.0	11.0	0.0	ENSG00000109854	0.0	0.0	confirmable	1	0	1.0	1.0	0.0	1.0	0	0
plasma	HYDIN	Q4G0P3	1	0	0	0	0	0	ms_only	1.0	0.7973999994257205	207.0	115.0	0.0	ENSG00000157423	0.0	0.0	confirmable	0	1	0.0	0.0	0.0	0.0	0	0
plasma	ICAM1	P05362	0	0	0	1	0	0	other_only	1.0	0.5334662726729207	22.0	11.0	0.0	ENSG00000090339	0.0	1.0	chemistry_limited	1	1	1.0	1.0	0.0	1.0	1	1
plasma	IGFALS	P35858	0	1	0	0	0	0	affinity_only	1.0	0.7956665353072	23.0	19.0	0.0	ENSG00000099769	1.0	1.0	confirmable	1	0	0.0	1.0	0.0	0.0	0	0
plasma	IGFBP2	P18065	0	1	0	1	0	0	affinity_only	1.0	0.7021254000546444	15.0	4.0	0.0				confirmable	1	1					0	0
plasma	IGHG3	P01860	1	0	0	0	0	0	ms_only	1.0	0.5023757113250408	9.0	1.0	0.5263157894736842				inference_limited	1	0					0	0
plasma	IGHM	P01871	1	0	0	1	0	0	ms_only	1.0	0.6774348306004428	7.0	4.0	0.7083333333333334	ENSG00000211899	1.0	0.0	chemistry_limited	1	0	0.0	1.0	0.0	1.0	0	0
plasma	IGLV4-69	A0A075B6H9	1	0	0	0	0	0	ms_only	1.0	0.7835575692171172	4.0	2.0	0.2				inference_limited	0	0					0	0
plasma	IL16	Q14005	0	0	0	1	0	0	other_only	1.0	0.8770701048644579	69.0	49.0	0.0	ENSG00000172349	1.0	0.0	confirmable	1	1	0.0	1.0	0.0	0.0	1	0
plasma	IL17C	Q9P0M4	0	1	0	0	0	0	affinity_only	1.0	0.4896164047267496	8.0	4.0	0.0	ENSG00000124391	1.0	1.0	chemistry_limited	1	1	0.0	1.0	0.0	1.0	1	0
plasma	IL18	Q14116	0	1	0	0	0	0	affinity_only	1.0	0.77507870081702	10.0	3.0	0.0	ENSG00000150782	1.0	0.0	confirmable	1	1	0.0	1.0	0.0	1.0	1	1
plasma	IL1A	P01583	0	0	0	0	0	1	other_only	1.0	0.8012153451002342	9.0	5.0	0.0				confirmable	1	1					1	1
plasma	IL3	P08700	0	0	0	1	0	0	other_only	1.0	0.6477344421211596	7.0	3.0	0.0				chemistry_limited	1	1					0	0
plasma	IL6RA	P08887	0	0	0	1	0	0	other_only	1.0	0.4961705955481855	16.0	4.0	0.0				chemistry_limited	1	1					0	0
plasma	IL8	P10145	0	0	0	1	0	0	other_only	1.0	0.6168856079195365	3.0	1.0	0.0	ENSG00000169429	1.0	1.0	inference_limited	1	1	0.0	1.0	0.0	1.0	0	0
plasma	ITGA11/ITGB1	Q9UKX5/P05556	0	1	0	0	0	0	affinity_only									unscored	0	0					0	0
plasma	ITIH2	P19823	1	0	0	0	0	0	ms_only	1.0	0.8593415308808583	32.0	22.0	0.0	ENSG00000151655	1.0	1.0	confirmable	1	0	0.0	1.0	0.0	1.0	0	0
plasma	ITIH4	Q14624	1	1	0	0	0	0	both	1.0	0.920372364179899	29.0	20.0	0.0	ENSG00000055955	1.0	1.0	confirmable	1	1	1.0	1.0	1.0	1.0	0	0
plasma	KCNE5	Q9UJ90	0	1	0	0	0	0	affinity_only	1.0	0.8208614457547373	5.0	2.0	0.0				inference_limited	1	0					0	0
plasma	KITLG	P21583	0	1	1	0	0	0	affinity_only	1.0	0.6888767716717301	9.0	2.0	0.0	ENSG00000049130	1.0	1.0	inference_limited	1	1	0.0	1.0	0.0	1.0	0	0
plasma	KLK11	Q9UBX7	0	0	0	1	0	0	other_only	1.0	0.5149153231286155	13.0	2.0	0.0	ENSG00000167757	1.0	1.0	inference_limited	1	1	0.0	1.0	0.0	0.0	0	0
plasma	KLK6	Q92876	0	0	0	0	1	0	other_only	1.0	0.8031827261779336	12.0	4.0	0.0				confirmable	1	1					0	0
plasma	KNG1	P01042	0	1	0	0	0	0	affinity_only	1.0	0.733135306601255	33.0	15.0	0.0	ENSG00000113889	1.0	1.0	confirmable	1	0	0.0	1.0	0.0	1.0	1	0
plasma	KRT16	P08779	1	0	0	0	0	0	ms_only	1.0	0.9604307240265176	19.0	13.0	0.3870967741935484	ENSG00000186832	0.0	0.0	confirmable	1	0	1.0	1.0	1.0	1.0	0	0
plasma	KRT9	P35527	1	0	0	0	0	0	ms_only	1.0	0.915607214220396	25.0	15.0	0.0384615384615384	ENSG00000171403	1.0	0.0	confirmable	0	0	1.0	0.0	1.0	0.0	0	0
plasma	KRT2	P35908	1	0	0	0	0	0	ms_only	1.0	0.948838564880296	29.0	22.0	0.2564102564102564	ENSG00000172867	0.0	0.0	confirmable	0	0	1.0	0.0	1.0	0.0	0	0
plasma	LBP	P18428	1	0	0	0	0	0	ms_only	1.0	0.8325619435927564	13.0	8.0	0.0	ENSG00000129988	1.0	1.0	confirmable	1	1	0.0	1.0	0.0	0.0	0	0
plasma	LCN2	P80188	0	0	0	1	0	0	other_only	1.0	0.7850949538701685	9.0	4.0	0.0	ENSG00000148346	1.0	1.0	confirmable	1	1	0.0	1.0	0.0	1.0	0	0
plasma	LGALS3BP	Q08380	1	0	0	0	0	0	ms_only	1.0	0.7736443452923951	25.0	14.0	0.0	ENSG00000108679	1.0	1.0	confirmable	1	1	1.0	1.0	1.0	1.0	0	0
plasma	LH	nan	0	0	0	1	0	0	other_only									unscored	0	0					0	0
plasma	LINGO3	P0C6S8	0	1	0	0	0	0	affinity_only	1.0	0.6508105630431639	24.0	13.0	0.0	ENSG00000220008	0.0	1.0	chemistry_limited	1	0	0.0	1.0	0.0	1.0	0	0
plasma	LMOD1	P29536	0	0	1	0	0	0	affinity_only	1.0	0.9328761085927552	27.0	16.0	0.0	ENSG00000163431	0.0	0.0	confirmable	1	1	0.0	1.0	0.0	1.0	0	0
plasma	LRRC25	Q8N386	0	0	1	0	0	0	affinity_only	1.0	0.5932885256344905	6.0	5.0	0.0	ENSG00000175489	0.0	1.0	chemistry_limited	1	1	0.0	1.0	0.0	1.0	0	0
plasma	LRRN1	Q6UXK5	0	1	0	0	0	0	affinity_only	1.0	0.724059669771498	28.0	13.0	0.0344827586206896	ENSG00000175928	0.0	1.0	confirmable	1	1	1.0	1.0	0.0	1.0	0	0
plasma	LTA	P01374	0	0	1	0	0	0	affinity_only	1.0	0.5085121475003349	3.0	2.0	0.0	ENSG00000226979	1.0	1.0	inference_limited	1	0	0.0	1.0	0.0	1.0	1	1
plasma	LTBP2	Q14767	1	0	0	0	0	0	ms_only	1.0	0.838029188483664	53.0	18.0	0.0363636363636363	ENSG00000119681	1.0	1.0	confirmable	1	1	0.0	1.0	0.0	1.0	0	0
plasma	LYZ	P61626	1	0	0	0	0	0	ms_only	1.0	0.7543886225019156	8.0	3.0	0.0	ENSG00000090382	1.0	1.0	confirmable	1	0	0.0	1.0	0.0	0.0	0	0
plasma	MAP2K2	P36507	0	1	0	0	0	0	affinity_only	1.0	0.8205848678339983	11.0	6.0	0.3125	ENSG00000126934	0.0	0.0	confirmable	1	0	1.0	1.0	0.0	1.0	1	1
plasma	MBP	P02686	1	0	0	0	0	0	ms_only	1.0	0.8960161753168557	14.0	10.0	0.0	ENSG00000197971	0.0	0.0	confirmable	1	0	0.0	1.0	0.0	1.0	1	1
plasma	MIA	Q16674	0	1	0	0	0	0	affinity_only	1.0	0.7538171350967153	5.0	4.0	0.0	ENSG00000261857	1.0	1.0	confirmable	1	1	0.0	1.0	0.0	1.0	1	0
plasma	MMP1 	P03956	0	0	0	1	0	0	other_only	1.0	0.885627808472889	17.0	9.0	0.0				confirmable	1	1					0	0
plasma	MMP12	P39900	0	1	0	0	0	0	affinity_only	1.0	0.8413082916118174	21.0	14.0	0.0				confirmable	1	1					1	1
plasma	MMP14	P50281	1	0	0	0	0	0	ms_only	1.0	0.8743390222829059	16.0	11.0	0.0588235294117647	ENSG00000157227	0.0	1.0	confirmable	1	0	1.0	1.0	0.0	0.0	1	1
plasma	MMP19	Q99542	0	1	0	0	0	0	affinity_only	1.0	0.8147097541406296	16.0	11.0	0.0				confirmable	1	0					0	0
plasma	MMP9	P14780	0	0	1	0	0	0	affinity_only	1.0	0.8274593211409884	0.0	0.0		ENSG00000100985	1.0	1.0	inference_locked	1	1	0.0	1.0	0.0	1.0	1	1
plasma		A0A0G2JRQ6	1	0	0	0	0	0	ms_only									unscored	0	0					0	1
plasma		nan	0	0	0	1	0	0	other_only									unscored	0	0					0	1
plasma	NADK	O95544	0	1	0	0	0	0	affinity_only	1.0	0.6921605041945157	15.0	5.0	0.0	ENSG00000008130	0.0	0.0	confirmable	1	1	1.0	1.0	0.0	1.0	0	0
plasma	NDST1	P52848	0	1	0	0	0	0	affinity_only	1.0	0.8427154589546212	44.0	27.0	0.1020408163265306	ENSG00000070614	0.0	0.0	confirmable	1	1	1.0	1.0	0.0	1.0	0	0
plasma	NEFL	P07196	0	1	1	0	0	0	affinity_only	1.0	0.9026246479884844	31.0	23.0	0.088235294117647	ENSG00000277586	0.0	0.0	confirmable	1	1	1.0	1.0	0.0	1.0	0	0
plasma	NOTCH1	P46531	0	1	0	0	0	0	affinity_only	1.0	0.8326734472769651	69.0	17.0	0.0547945205479452	ENSG00000148400	0.0	1.0	confirmable	1	1	1.0	1.0	1.0	1.0	1	1
plasma	NPPB	P16860	0	1	0	1	0	0	affinity_only	1.0	0.7387751223741126	5.0	2.0	0.0				inference_limited	1	1					0	0
plasma	NPTXR	O95502	0	1	1	0	1	0	affinity_only	1.0	0.810884076568976	20.0	10.0	0.0	ENSG00000221890	0.0	0.0	confirmable	1	1	1.0	1.0	0.0	1.0	1	1
plasma	NRCAM	Q92823	0	0	0	1	0	0	other_only	1.0	0.8469589399469926	52.0	23.0	0.0	ENSG00000091129	1.0	1.0	confirmable	1	1	1.0	1.0	1.0	1.0	0	0
plasma	NT5C	Q8TCD5	0	1	0	0	0	0	affinity_only	1.0	0.8705736984816875	11.0	7.0	0.0	ENSG00000125458	0.0	0.0	confirmable	1	0	1.0	1.0	0.0	1.0	1	1
plasma	OLFM1	Q99784	1	0	0	0	0	0	ms_only	1.0	0.8247895239811378	20.0	7.0	0.0				confirmable	1	0					0	0
plasma	OMG	Q16653	0	1	1	0	0	0	affinity_only	1.0	0.775391340441009	10.0	4.0	0.0	ENSG00000204655	0.0	1.0	confirmable	1	1	0.0	1.0	0.0	0.0	0	0
plasma	ORM1	P02763	1	0	0	0	0	0	ms_only	1.0	0.8372144218076013	7.0	3.0	0.3	ENSG00000229314	1.0	1.0	confirmable	0	1	0.0	0.0	0.0	1.0	0	0
plasma	ORM2	P19652	1	0	0	0	0	0	ms_only	1.0	0.7842393711986659	7.0	2.0	0.3	ENSG00000228278	1.0	1.0	inference_limited	1	0	0.0	1.0	0.0	1.0	1	1
plasma	OSM	P13725	0	0	1	0	0	0	affinity_only	1.0	0.7262679982862811	14.0	8.0	0.0				confirmable	1	1					1	0
plasma	PA2G4	Q9UQ80	0	1	0	0	0	0	affinity_only	1.0	0.9195320230060304	21.0	10.0	0.0	ENSG00000170515	0.0	0.0	confirmable	1	0	1.0	1.0	1.0	1.0	0	0
plasma	PAPPA	Q13219	0	0	0	1	0	0	other_only	1.0	0.7830996109597463	57.0	20.0	0.0	ENSG00000182752	1.0	1.0	confirmable	0	1	0.0	0.0	0.0	0.0	1	0
plasma	PCOLCE	Q15113	1	0	0	0	0	0	ms_only	1.0	0.6165491295104766	18.0	7.0	0.0	ENSG00000106333	1.0	1.0	chemistry_limited	1	1	1.0	1.0	0.0	1.0	0	0
plasma	PDGFB	P01127	0	0	0	0	0	1	other_only	1.0	0.4956511670582901	6.0	1.0	0.0	ENSG00000100311	1.0	1.0	inference_limited	1	1	0.0	1.0	0.0	1.0	1	1
plasma	PGP	A6NDG6	0	1	0	0	0	0	affinity_only	1.0	0.8411976882026654	18.0	5.0	0.0	ENSG00000184207	0.0	0.0	confirmable	1	0	1.0	1.0	0.0	1.0	1	1
plasma	PI3	P19957	0	1	0	0	0	0	affinity_only	1.0	0.6101485541697743	4.0	0.0	0.0	ENSG00000124102	1.0	1.0	inference_limited	1	1	0.0	1.0	0.0	0.0	1	1
plasma	PILRA	Q9UKJ1	0	0	1	0	0	0	affinity_only	1.0	0.743870021798981	12.0	7.0	0.0	ENSG00000085514	1.0	1.0	confirmable	1	1	0.0	1.0	0.0	1.0	0	0
plasma	PILRB	Q9UKJ0	0	0	1	0	0	0	affinity_only	1.0	0.7173431134482737	9.0	5.0	0.0	ENSG00000121716	0.0	1.0	confirmable	1	1	0.0	1.0	0.0	0.0	0	0
plasma	PLA2G7	Q13093	0	1	1	0	0	0	affinity_only	1.0	0.8449437014137655	22.0	14.0	0.0				confirmable	1	1					1	1
plasma	PLAU	P00749	0	0	1	0	0	0	affinity_only	1.0	0.7441517017565744	23.0	9.0	0.0	ENSG00000122861	1.0	1.0	confirmable	1	1	1.0	1.0	0.0	1.0	1	1
plasma	PLIN3	O60664	1	0	0	0	0	0	ms_only	1.0	0.9223790678241938	25.0	16.0	0.0	ENSG00000105355	0.0	0.0	confirmable	1	1	1.0	1.0	0.0	1.0	1	1
plasma	PGF	P49763	0	0	0	1	0	0	other_only	1.0	0.5763134245019611	8.0	2.0	0.0				inference_limited	1	1					1	1
plasma	PON1	P27169	1	0	0	0	0	0	ms_only	1.0	0.8037366834579419	13.0	6.0	0.1333333333333333	ENSG00000005421	1.0	1.0	confirmable	1	1	0.0	1.0	0.0	0.0	1	1
plasma	PPY	P01298	0	1	0	1	0	0	affinity_only	1.0	0.5762209386362936	2.0	1.0	0.0	ENSG00000108849	1.0	1.0	inference_limited	1	1	0.0	1.0	0.0	1.0	1	1
plasma	PRKACA	P17612	1	0	0	0	0	0	ms_only	1.0	0.8669721522224401	6.0	5.0	0.6470588235294118	ENSG00000072062	0.0	0.0	confirmable	1	0	1.0	1.0	0.0	1.0	1	0
plasma	PRCP	P42785	0	1	0	0	0	0	affinity_only	1.0	0.7742458318922623	18.0	7.0	0.0	ENSG00000137509	0.0	1.0	confirmable	1	1	1.0	1.0	0.0	1.0	1	1
plasma	PRDX2	P32119	1	0	0	0	0	0	ms_only	1.0	0.9164064814940812	9.0	7.0	0.1	ENSG00000167815	0.0	0.0	confirmable	0	1	1.0	1.0	1.0	1.0	0	0
plasma	PSIP1	O75475	0	1	0	0	0	0	affinity_only	1.0	0.926211127623518	28.0	19.0	0.0344827586206896	ENSG00000164985	0.0	0.0	confirmable	1	1	1.0	1.0	1.0	1.0	1	0
plasma	PTN	P21246	0	1	0	0	0	0	affinity_only	1.0	0.7240335746838114	6.0	1.0	0.0	ENSG00000105894	1.0	1.0	inference_limited	1	1	1.0	1.0	0.0	1.0	0	0
plasma	PYY	P10082	0	0	0	1	0	0	other_only	1.0	0.4816448576784489	2.0	2.0	0.0	ENSG00000131096	1.0	1.0	inference_limited	1	1	0.0	1.0	0.0	0.0	1	0
plasma	PZP	P20742	1	0	0	0	0	0	ms_only	1.0	0.8415643312073126	48.0	27.0	0.1578947368421052	ENSG00000126838	1.0	1.0	confirmable	1	1	0.0	1.0	0.0	1.0	1	1
plasma	RBP4	P02753	1	0	0	0	0	0	ms_only	1.0	0.7815793066526362	9.0	2.0	0.0	ENSG00000138207	1.0	1.0	inference_limited	1	1	1.0	1.0	1.0	1.0	1	1
plasma	REG3A	Q06141	1	0	0	0	0	0	ms_only	1.0	0.5868610559281074	5.0	1.0	0.0	ENSG00000172016	1.0	1.0	inference_limited	1	1	0.0	1.0	0.0	1.0	1	1
plasma	RET	P07949	0	1	0	0	0	0	affinity_only	1.0	0.8215084498450383	56.0	26.0	0.0	ENSG00000165731	0.0	1.0	confirmable	1	1	0.0	1.0	0.0	1.0	1	1
plasma	RP9	Q8TA86	0	1	0	0	0	0	affinity_only	1.0	0.8143813079634858	13.0	8.0	0.0	ENSG00000164610	0.0	0.0	confirmable	1	0	1.0	1.0	0.0	1.0	0	0
plasma	RPS12	P25398	0	1	0	0	0	0	affinity_only	1.0	0.8344483440056999	6.0	2.0	0.0	ENSG00000112306	0.0	0.0	inference_limited	1	1	1.0	1.0	1.0	1.0	1	1
plasma	RSPO1	Q2MKA7	0	1	0	0	0	0	affinity_only	1.0	0.7346957363356343	11.0	3.0	0.0	ENSG00000169218	1.0	1.0	confirmable	1	1	1.0	1.0	0.0	1.0	1	0
plasma	S100A12	P80511	0	1	0	0	0	0	affinity_only	1.0	0.9017508271198008	4.0	4.0	0.0	ENSG00000163221	1.0	0.0	confirmable	1	1	0.0	1.0	0.0	1.0	1	1
plasma	S100A13	Q99584	0	1	0	0	0	0	affinity_only	1.0	0.8863175519186931	6.0	5.0	0.0	ENSG00000189171	1.0	0.0	confirmable	1	1	1.0	1.0	1.0	1.0	0	0
plasma	S100A9	P06702	0	1	0	0	0	0	affinity_only	1.0	0.8916406071345385	7.0	4.0	0.0	ENSG00000163220	1.0	0.0	confirmable	1	0	0.0	1.0	0.0	1.0	1	0
plasma	SAA2	P0DJI9	1	0	0	0	0	0	ms_only	1.0	0.8509701787619922	2.0	2.0	0.6666666666666666				inference_limited	1	0					0	0
plasma	SELENOP	P49908	1	0	0	0	0	0	ms_only	1.0	0.5748900701250659	16.0	7.0	0.0	ENSG00000250722	1.0	1.0	chemistry_limited	1	1	0.0	1.0	1.0	1.0	0	0
plasma	SERPINA1	P01009	1	1	0	1	0	0	both	1.0	0.9505873190015008	22.0	15.0	0.0434782608695652	ENSG00000197249	1.0	1.0	confirmable	1	1	0.0	1.0	0.0	1.0	1	1
plasma	SERPINA3	P01011	1	1	0	1	0	0	both	1.0	0.926502200026646	20.0	10.0	0.0	ENSG00000196136	1.0	1.0	confirmable	1	1	0.0	1.0	0.0	1.0	1	1
plasma	SERPINA7	P05543	1	0	0	0	0	0	ms_only	1.0	0.8453737848469001	21.0	13.0	0.0	ENSG00000123561	1.0	1.0	confirmable	1	1	0.0	1.0	0.0	1.0	0	0
plasma	SERPINE1	P05121	1	1	0	1	0	0	both	1.0	0.9222283910973252	19.0	10.0	0.0	ENSG00000106366	1.0	1.0	confirmable	1	1	1.0	1.0	0.0	1.0	1	1
plasma	SERPINF1	P36955	1	0	0	0	0	0	ms_only	1.0	0.945452346284404	21.0	16.0	0.0	ENSG00000132386	1.0	1.0	confirmable	1	1	1.0	1.0	1.0	1.0	1	0
plasma	SERPINF2	P08697	1	0	0	0	0	0	ms_only	1.0	0.7893144017218928	17.0	11.0	0.0	ENSG00000167711	1.0	1.0	confirmable	1	1	0.0	1.0	1.0	1.0	0	0
plasma	SERPING1	P05155	1	0	0	0	0	0	ms_only	1.0	0.7864223492826282	21.0	9.0	0.0	ENSG00000149131	1.0	1.0	confirmable	1	1	1.0	1.0	0.0	1.0	1	1
plasma	SFRP1	Q8N474	0	1	0	0	0	0	affinity_only	1.0	0.5549332780550712	11.0	2.0	0.0	ENSG00000104332	1.0	1.0	inference_limited	1	1	1.0	1.0	1.0	1.0	0	0
plasma	SFTPD	P35247	0	0	0	0	1	0	other_only	1.0	0.738280362642957	13.0	6.0	0.0	ENSG00000133661	1.0	1.0	confirmable	1	1	0.0	1.0	0.0	1.0	0	0
plasma	SHH	Q15465	1	0	0	0	0	0	ms_only	1.0	0.8814377408361246	14.0	10.0	0.3				confirmable	1	1					1	1
plasma	SIRPA	P78324	0	0	0	0	0	0	unclassified	1.0	0.7315412680447295	10.0	7.0	0.5833333333333334	ENSG00000198053	0.0	1.0	confirmable	1	1	1.0	1.0	0.0	1.0	1	1
plasma	SLC66A1LP	A1A4F0	0	1	0	0	0	0	affinity_only	5.0	0.5342042592072991	5.0	1.0	0.0				inference_limited	1	0					0	0
plasma	SLCO5A1	Q9H2Y9	0	1	0	0	0	0	affinity_only	1.0	0.561396352438499	23.0	8.0	0.0	ENSG00000137571	0.0	0.0	chemistry_limited	1	0	0.0	1.0	0.0	1.0	0	0
plasma	SLP1	Q8IYJ3	0	1	0	0	0	0	affinity_only	1.0	0.863808530666848	23.0	16.0	0.0416666666666666	ENSG00000142765	0.0	0.0	confirmable	1	1	0.0	1.0	0.0	0.0	0	0
plasma	SMOC1	Q9H4F8	1	1	0	0	0	0	both	1.0	0.5962653740522657	19.0	6.0	0.0	ENSG00000198732	1.0	1.0	chemistry_limited	1	1	1.0	1.0	1.0	1.0	0	0
plasma	SMS	P52788	0	1	0	0	0	0	affinity_only	1.0	0.926791562391555	20.0	8.0	0.0	ENSG00000102172	0.0	0.0	confirmable	1	1	1.0	1.0	1.0	0.0	1	0
plasma	SNAP25	P60880	0	0	1	0	0	0	affinity_only	1.0	0.8830669675290029	13.0	3.0	0.0	ENSG00000132639	0.0	0.0	confirmable	1	1	1.0	1.0	0.0	1.0	1	1
plasma	SPC25	Q9HBM1	0	1	0	0	0	0	affinity_only	1.0	0.7110696399550339	11.0	6.0	0.0	ENSG00000152253	0.0	0.0	confirmable	1	0	1.0	1.0	0.0	1.0	0	0
plasma	SPON1	Q9HCB6	0	1	0	0	0	0	affinity_only	1.0	0.7516279120287385	33.0	14.0	0.0	ENSG00000262655	1.0	1.0	confirmable	1	1	1.0	1.0	1.0	1.0	0	0
plasma	SPP1	P10451	0	0	0	1	0	0	other_only	1.0	0.852194535086944	11.0	9.0	0.0	ENSG00000118785	1.0	1.0	confirmable	1	1	1.0	1.0	0.0	1.0	1	1
plasma	STC1	P52823	0	1	0	0	0	0	affinity_only	1.0	0.6663071688276837	9.0	4.0	0.0	ENSG00000159167	1.0	1.0	chemistry_limited	1	1	1.0	1.0	1.0	1.0	0	0
plasma	SVEP1	Q4LDE5	0	1	0	0	0	0	affinity_only	1.0	0.7945400521731005	143.0	33.0	0.0	ENSG00000165124	1.0	1.0	confirmable	1	0	0.0	1.0	0.0	0.0	1	1
plasma	SYT1	P21579	0	0	1	0	0	0	affinity_only	1.0	0.8788341936427653	13.0	6.0	0.35	ENSG00000067715	0.0	0.0	confirmable	1	1	1.0	1.0	0.0	1.0	0	0
plasma	TAFA5	Q7Z5A7	0	0	0	0	1	0	other_only	1.0	0.5908356197590844	4.0	1.0	0.0	ENSG00000219438	1.0	1.0	inference_limited	1	1	1.0	1.0	0.0	1.0	1	0
plasma	TAGLN.1	Q01995	0	1	0	0	0	0	affinity_only	1.0	0.9117972277919562	15.0	6.0	0.0625	ENSG00000149591	0.0	0.0	confirmable	1	0	1.0	1.0	0.0	1.0	0	0
plasma	TAGLN.2	P37802	0	1	0	0	0	0	affinity_only	1.0	0.8808945957777399	13.0	4.0	0.0714285714285714	ENSG00000158710	1.0	0.0	confirmable	1	0	1.0	1.0	1.0	1.0	0	0
plasma	TBCA	O75347	0	1	0	0	0	0	affinity_only	1.0	0.8586497338754276	6.0	5.0	0.0	ENSG00000171530	0.0	0.0	confirmable	1	1	1.0	1.0	1.0	1.0	0	0
plasma	TF	P02787	1	0	0	1	0	0	ms_only	1.0	0.8191612576648005	39.0	14.0	0.0	ENSG00000091513	1.0	1.0	confirmable	1	1	1.0	1.0	1.0	1.0	1	1
plasma	TFF3	Q07654	0	1	0	1	0	0	affinity_only	1.0	0.7043650373462214	3.0	0.0	0.0	ENSG00000160180	1.0	1.0	inference_limited	1	1	0.0	1.0	0.0	1.0	1	1
plasma	TFRC	P02786	0	1	0	0	0	0	affinity_only	1.0	0.929897722460144	39.0	27.0	0.025	ENSG00000072274	1.0	0.0	confirmable	1	1	1.0	1.0	0.0	1.0	1	0
plasma	THBS2	P35442	0	1	0	0	0	0	affinity_only	1.0	0.8585835593118225	42.0	17.0	0.0869565217391304	ENSG00000186340	1.0	1.0	confirmable	1	1	1.0	1.0	0.0	1.0	1	1
plasma	TIMELESS	Q9UNS1	0	0	0	1	0	0	other_only	1.0	0.9214982857146388	55.0	38.0	0.0	ENSG00000111602	0.0	0.0	confirmable	1	0	1.0	1.0	0.0	1.0	0	0
plasma	TIMP2	P16035	1	0	0	0	0	0	ms_only	1.0	0.7314046238818639	9.0	4.0	0.0	ENSG00000035862	1.0	1.0	confirmable	1	1	1.0	1.0	1.0	1.0	0	0
plasma	TMEM106B	Q9NUM4	0	0	0	0	0	0	unclassified	1.0	0.7923580087506532	13.0	5.0	0.0	ENSG00000106460	0.0	0.0	confirmable	1	0	1.0	1.0	0.0	1.0	0	0
plasma	TNC	P24821	1	1	0	1	0	0	both	1.0	0.9012877734123887	99.0	55.0	0.0	ENSG00000041982	1.0	1.0	confirmable	1	1	1.0	1.0	1.0	1.0	1	1
plasma	TNFRSF11B	O00300	0	1	0	0	0	0	affinity_only	1.0	0.5844624203380058	22.0	6.0	0.0	ENSG00000164761	1.0	1.0	chemistry_limited	1	1	0.0	1.0	0.0	1.0	1	1
plasma	TNFSF12	O43508	0	0	1	0	0	0	affinity_only	1.0	0.6976472031389958	8.0	4.0	0.0	ENSG00000239697	1.0	0.0	confirmable	1	1	0.0	1.0	0.0	0.0	1	0
plasma	TNXB	P22105	0	0	1	0	0	0	affinity_only	1.0	0.9244426563661092	166.0	100.0	0.0726256983240223				confirmable	1	1					0	0
plasma	TREM2	Q9NZC2	0	0	1	0	0	0	affinity_only	1.0	0.6317843987697661	6.0	3.0	0.0	ENSG00000095970	1.0	1.0	chemistry_limited	1	1	0.0	1.0	0.0	1.0	0	0
plasma	TTR	P02766	1	0	0	1	0	0	ms_only	1.0	0.845146086151716	5.0	4.0	0.0	ENSG00000118271	1.0	1.0	confirmable	0	1	0.0	1.0	1.0	1.0	1	1
plasma	UBP19	O94966	1	0	0	0	0	0	ms_only	1.0	0.8656167854311162	56.0	33.0	0.0				confirmable	1	0					0	0
plasma	VAT1	Q99536	0	1	0	0	0	0	affinity_only	1.0	0.8492457747985014	16.0	7.0	0.0	ENSG00000108828	0.0	0.0	confirmable	1	1	1.0	1.0	1.0	1.0	0	0
plasma	VCAM1	P19320	1	1	0	1	0	0	both	1.0	0.8928690268496677	38.0	20.0	0.0256410256410256	ENSG00000162692	1.0	1.0	confirmable	1	1	1.0	1.0	0.0	1.0	1	1
plasma	VEGF	P15692	0	0	0	1	0	0	other_only	1.0	0.722592397524052	18.0	9.0	0.0	ENSG00000112715	1.0	0.0	confirmable	1	1	1.0	1.0	0.0	1.0	0	0
plasma	VGF	O15240	0	0	1	0	0	0	affinity_only	1.0	0.9598919926725108	31.0	30.0	0.0	ENSG00000128564	1.0	1.0	confirmable	1	1	1.0	1.0	1.0	0.0	0	0
plasma	VTN	P04004	1	0	0	1	0	0	ms_only	1.0	0.6935149499841773	18.0	7.0	0.0	ENSG00000109072	1.0	1.0	confirmable	1	1	0.0	1.0	0.0	1.0	0	0
plasma	VWF	P04275	0	0	0	1	0	0	other_only	1.0	0.8244307613095133	35.0	11.0	0.0	ENSG00000110799	1.0	1.0	confirmable	1	1	0.0	1.0	0.0	1.0	1	1
plasma	ZNF587B	E7ETH6	1	0	0	0	0	0	ms_only	1.0	0.4790087522798784	12.0	7.0	0.5	ENSG00000269343	0.0	0.0	chemistry_limited	0	0					0	0
csf	ACHE	P22303	1	1	0	0	0	0	both	1.0	0.8052526043989328	25.0	14.0	0.0384615384615384				confirmable	1	1					1	1
csf	ALDOA	P04075	1	0	0	0	0	0	ms_only	1.0	0.8326558633653648	17.0	10.0	0.1904761904761904	ENSG00000149925	0.0	0.0	confirmable	1	0	1.0	1.0	1.0	1.0	1	1
csf	ALDOC	P09972	1	0	0	0	0	0	ms_only	1.0	0.9199929146587166	17.0	11.0	0.2272727272727272	ENSG00000109107	1.0	0.0	confirmable	1	0	1.0	1.0	1.0	1.0	1	0
csf	ANP32B	Q92688	0	1	0	0	0	0	affinity_only	1.0	0.8343932244227453	6.0	3.0	0.3333333333333333	ENSG00000136938	0.0	0.0	confirmable	1	0	1.0	1.0	1.0	0.0	0	0
csf	APOA1	P02647	1	0	0	0	0	1	ms_only	1.0	0.9363265023038614	17.0	15.0	0.0	ENSG00000118137	1.0	1.0	confirmable	1	1	1.0	1.0	1.0	1.0	1	1
csf	APOA2	P02652	0	0	0	1	0	0	other_only	1.0	0.8054385839745986	4.0	3.0	0.0	ENSG00000158874	1.0	1.0	confirmable	1	1	1.0	1.0	1.0	1.0	1	0
csf	APOC1	P02654	1	0	0	0	0	0	ms_only	1.0	0.8163138251306651	3.0	3.0	0.0	ENSG00000130208	1.0	1.0	confirmable	1	0	1.0	1.0	0.0	1.0	1	1
csf	APOE	P02649	1	0	0	1	0	0	ms_only	1.0	0.9481296278632114	21.0	16.0	0.0	ENSG00000130203	1.0	1.0	confirmable	1	1	1.0	1.0	1.0	1.0	1	1
csf	APOH	P02749	1	0	0	0	0	0	ms_only	1.0	0.5872477522944385	16.0	2.0	0.0	ENSG00000091583	1.0	1.0	inference_limited	1	1	0.0	0.0	0.0	1.0	1	0
csf	APP	P05067	1	0	0	1	0	1	ms_only	1.0	0.891305939078262	32.0	16.0	0.0303030303030303	ENSG00000142192	1.0	1.0	confirmable	1	1	1.0	1.0	1.0	1.0	1	1
csf	ASTN1	O14525	1	0	0	0	0	0	ms_only	1.0	0.839953235132874	51.0	22.0	0.0				confirmable	0	0					0	0
csf	ATP8B1	O43520	1	0	0	0	0	0	ms_only	1.0	0.8856451631721007	45.0	25.0	0.0816326530612244	ENSG00000081923	0.0	0.0	confirmable	0	0					1	1
csf	BAMBI	Q13145	1	0	0	0	0	0	ms_only	1.0	0.6932275850326338	13.0	6.0	0.0	ENSG00000095739	0.0	1.0	confirmable	1	1	0.0	1.0	0.0	1.0	0	0
csf	BASP1	P80723	1	1	1	0	0	0	both	1.0	0.9215406202111596	11.0	11.0	0.0	ENSG00000176788	0.0	0.0	confirmable	1	0	1.0	1.0	1.0	1.0	0	0
csf	BDNF	P23560	0	0	0	1	0	0	other_only	1.0	0.7826076546460776	15.0	7.0	0.0	ENSG00000176697	1.0	1.0	confirmable	1	1	0.0	1.0	0.0	1.0	1	1
csf	BGN	P21810	1	0	0	0	0	0	ms_only	1.0	0.7710560571511734	15.0	9.0	0.0625	ENSG00000182492	1.0	1.0	confirmable	1	1	1.0	1.0	0.0	1.0	1	0
csf	BMP7	P18075	1	0	0	0	0	0	ms_only	1.0	0.4516770347269899	1.0	0.0	0.5				inference_limited	1	1					1	1
csf	BORCS5	Q969J3	0	1	0	0	0	0	affinity_only	1.0	0.7924069083921089	12.0	3.0	0.0	ENSG00000165714	0.0	0.0	confirmable	1	0	1.0	1.0	0.0	1.0	0	0
csf	BST1	Q10588	0	1	0	0	0	0	affinity_only	1.0	0.7279578940543556	15.0	6.0	0.0	ENSG00000109743	0.0	1.0	confirmable	1	1	1.0	1.0	0.0	0.0	1	0
csf	C3	P01024	1	0	0	0	0	0	ms_only	1.0	0.9539734193042138	94.0	55.0	0.0105263157894736	ENSG00000125730	1.0	1.0	confirmable	1	1	0.0	1.0	0.0	1.0	1	1
csf	C4B	P0C0L5	1	0	0	0	0	0	ms_only	1.0	0.6399853008561981	0.0	0.0	1.0				inference_locked	1	1					1	0
csf	CA3	P07451	1	0	0	0	0	0	ms_only	1.0	0.7348613639656658	14.0	10.0	0.0	ENSG00000164879	0.0	0.0	confirmable	1	1	1.0	1.0	0.0	1.0	1	1
csf	CALML5	Q9NZT1	1	0	0	0	0	0	ms_only	1.0	0.9586848833814132	8.0	5.0	0.0	ENSG00000178372	1.0	0.0	confirmable	0	0					0	0
csf	CAMK2B	Q13554	0	1	0	0	0	0	affinity_only	1.0	0.6415465930252731	18.0	9.0	0.4	ENSG00000058404	0.0	0.0	chemistry_limited	1	0	1.0	1.0	0.0	1.0	1	1
csf	CBLN4	Q9NTU7	1	0	0	0	0	0	ms_only	1.0	0.8255127552021535	9.0	6.0	0.0				confirmable	1	1					0	0
csf	CCL25	O15444	0	1	0	0	0	0	affinity_only	1.0	0.3317506309315265	5.0	2.0	0.0	ENSG00000131142	1.0	1.0	inference_limited	1	1	0.0	1.0	0.0	1.0	1	0
csf	CD74	P04233	1	0	0	0	0	0	ms_only	1.0	0.5489031876910975	14.0	5.0	0.0	ENSG00000019582	1.0	0.0	chemistry_limited	1	1	1.0	1.0	0.0	1.0	1	0
csf	CETP	P11597	1	0	0	0	0	0	ms_only	1.0	0.8469645147838937	22.0	11.0	0.0				confirmable	1	0					1	1
csf	CFB	P00751	1	0	0	0	0	0	ms_only	1.0	0.8460801833127266	36.0	19.0	0.0	ENSG00000243649	1.0	1.0	confirmable	1	1	0.0	1.0	1.0	1.0	1	1
csf	CGA	P01215	1	0	0	0	0	0	ms_only	1.0	0.43986077510573	4.0	1.0	0.0	ENSG00000135346	1.0	1.0	inference_limited	1	0	0.0	1.0	0.0	1.0	1	1
csf	CHCHD7	Q9BUK0	0	1	0	0	0	0	affinity_only	1.0	0.6367567543937276	7.0	0.0	0.0	ENSG00000170791	0.0	0.0	inference_limited	1	0	0.0	1.0	0.0	1.0	0	0
csf	CHI3L1	P36222	1	1	1	0	0	0	both	1.0	0.8940852817056334	21.0	13.0	0.0				confirmable	1	1					1	0
csf	CHKB	Q9Y259	0	1	0	0	0	0	affinity_only	1.0	0.8820390611026449	21.0	13.0	0.0	ENSG00000100288	0.0	0.0	confirmable	1	1	1.0	1.0	0.0	1.0	1	1
csf	CHN1	P15882	0	1	0	0	0	0	affinity_only	1.0	0.8695720769683616	24.0	10.0	0.04				confirmable	1	0					0	0
csf	CHST15	Q7LFX5	1	0	0	0	0	0	ms_only	1.0	0.6967864843973495	28.0	16.0	0.0	ENSG00000182022	0.0	0.0	confirmable	1	0	0.0	1.0	0.0	1.0	0	0
csf	CLU	P10909	1	0	0	0	0	0	ms_only	1.0	0.7314710216704605	19.0	10.0	0.0	ENSG00000120885	1.0	1.0	confirmable	1	1	1.0	1.0	1.0	1.0	1	0
csf	CMGA	P10645	1	0	0	0	0	0	ms_only	1.0	0.9423783771710909	19.0	14.0	0.0	ENSG00000100604	1.0	1.0	confirmable	1	1	1.0	1.0	1.0	1.0	0	0
csf	CNP	P09543	0	0	1	0	0	0	affinity_only	1.0	0.8232884630817827	26.0	16.0	0.037037037037037	ENSG00000173786	0.0	0.0	confirmable	1	1	1.0	1.0	0.0	1.0	0	0
csf	CRKL	P46109	0	0	1	0	0	0	affinity_only	1.0	0.8187021741187721	15.0	8.0	0.0	ENSG00000099942	0.0	0.0	confirmable	1	1	1.0	1.0	1.0	1.0	1	1
csf	CST3	P01034	1	0	0	0	0	0	ms_only	1.0	0.6233977228530313	6.0	2.0	0.0	ENSG00000101439	1.0	1.0	inference_limited	1	1	1.0	1.0	1.0	1.0	1	1
csf	CTSB	P07858	1	0	0	0	0	0	ms_only	1.0	0.7915207766117364	10.0	3.0	0.0	ENSG00000164733	1.0	1.0	confirmable	1	1	1.0	1.0	1.0	1.0	1	1
csf	CTSD	P07339	1	0	0	0	0	0	ms_only	1.0	0.8483504945786259	16.0	7.0	0.0	ENSG00000117984	1.0	1.0	confirmable	1	1	1.0	1.0	1.0	1.0	1	1
csf	CXCL5	P42830	0	0	1	0	0	0	affinity_only	1.0	0.5476601560211055	4.0	1.0	0.2	ENSG00000163735	1.0	1.0	inference_limited	1	1	0.0	1.0	0.0	1.0	1	0
csf	DDR2	Q16832	0	1	0	0	0	0	affinity_only	1.0	0.8137355412906002	30.0	13.0	0.032258064516129				confirmable	1	0					1	1
csf	DNAJC5	Q9H3Z4	1	0	0	0	0	0	ms_only	1.0	0.6994479570783545	7.0	5.0	0.0	ENSG00000101152	0.0	0.0	confirmable	0	0	1.0	0.0	0.0	0.0	0	0
csf	DTX3	Q8N9I9	0	0	1	0	0	0	affinity_only	1.0	0.5774426064805063	16.0	7.0	0.0	ENSG00000178498	0.0	0.0	chemistry_limited	0	1	1.0	1.0	0.0	1.0	0	0
csf	ELN	P15502	0	0	1	0	0	0	affinity_only	1.0	0.8354916313154049	8.0	8.0	0.0	ENSG00000049540	1.0	1.0	confirmable	1	1	1.0	1.0	0.0	1.0	1	0
csf	ENPP5	Q9UJA9	1	0	0	0	0	0	ms_only	1.0	0.8736229172768123	17.0	6.0	0.0	ENSG00000112796	1.0	1.0	confirmable	1	1	0.0	1.0	0.0	1.0	0	0
csf	ENO1	P06733	1	0	0	0	0	0	ms_only	1.0	0.922827033355736	18.0	12.0	0.1818181818181818	ENSG00000074800	0.0	0.0	confirmable	1	1	1.0	1.0	1.0	1.0	1	1
csf	ENO2	P09104	1	1	1	0	0	0	both	1.0	0.9431878102144412	16.0	10.0	0.2	ENSG00000111674	0.0	0.0	confirmable	1	1	1.0	1.0	1.0	1.0	1	1
csf	ENPP2	Q13822	1	0	0	0	0	0	ms_only	1.0	0.7511821449251755	36.0	13.0	0.0	ENSG00000136960	1.0	1.0	confirmable	1	1	1.0	1.0	1.0	1.0	1	0
csf	EPHA4	P54764	1	0	0	0	0	0	ms_only	1.0	0.7636795866007352	37.0	12.0	0.1590909090909091	ENSG00000116106	0.0	1.0	confirmable	1	1	1.0	1.0	0.0	1.0	1	1
csf	F2	P00734	1	1	1	0	0	0	both	1.0	0.846716336582441	30.0	9.0	0.0	ENSG00000180210	1.0	1.0	confirmable	1	1	0.0	1.0	0.0	1.0	1	1
csf	F5	P12259	1	0	0	0	0	0	ms_only	1.0	0.8828420644921022	85.0	48.0	0.0				confirmable	1	0					1	1
csf	FABP3	P05413	1	0	0	0	0	0	ms_only	1.0	0.9471107929327364	8.0	5.0	0.1111111111111111	ENSG00000121769	0.0	0.0	confirmable	1	1	1.0	1.0	0.0	1.0	1	0
csf	FBLN1	P23142	1	0	0	0	0	0	ms_only	1.0	0.8597952964624318	31.0	10.0	0.0	ENSG00000077942	1.0	1.0	confirmable	1	0	1.0	1.0	1.0	1.0	0	0
csf	FGB	P02675	1	0	0	0	0	0	ms_only	1.0	0.8650583812890679	26.0	12.0	0.0	ENSG00000171564	1.0	1.0	confirmable	1	0	0.0	1.0	0.0	1.0	1	1
csf	FGG	P02679	1	0	0	0	0	0	ms_only	1.0	0.89326123719791	25.0	14.0	0.0	ENSG00000171557	1.0	1.0	confirmable	1	1	0.0	1.0	0.0	1.0	1	1
csf	FN1	P02751	1	1	1	0	0	0	both	1.0	0.8480879248017723	95.0	56.0	0.0	ENSG00000115414	1.0	1.0	confirmable	1	1	1.0	1.0	1.0	1.0	1	1
csf	FOLR2	P14207	1	0	0	0	0	0	ms_only	1.0	0.6531733665171363	10.0	2.0	0.1666666666666666				inference_limited	1	1					1	1
csf	GALNT1	Q10472	1	0	0	0	0	0	ms_only	1.0	0.7360193241437846	23.0	9.0	0.1785714285714285	ENSG00000141429	1.0	0.0	confirmable	1	0	1.0	1.0	0.0	1.0	0	0
csf	GALNT2	Q10471	1	0	0	0	0	0	ms_only	1.0	0.8587837549811984	30.0	17.0	0.0625	ENSG00000143641	1.0	0.0	confirmable	1	1	1.0	1.0	1.0	1.0	1	1
csf	GC	P02774	1	0	0	1	0	0	ms_only	1.0	0.7672820871870061	26.0	11.0	0.037037037037037	ENSG00000145321	1.0	1.0	confirmable	1	1	0.0	1.0	1.0	1.0	1	1
csf	GDF15	Q99988	0	1	0	0	0	0	affinity_only	1.0	0.4722438467078892	6.0	2.0	0.0	ENSG00000130513	1.0	1.0	inference_limited	1	1	1.0	1.0	1.0	1.0	1	1
csf	GFAP	P14136	1	0	1	0	0	0	both	1.0	0.9380514371105712	27.0	22.0	0.1	ENSG00000131095	0.0	0.0	confirmable	1	1	0.0	1.0	0.0	0.0	1	1
csf	GFRA2	O00451	1	0	0	0	0	0	ms_only	1.0	0.6372861329135202	18.0	4.0	0.0	ENSG00000168546	0.0	1.0	chemistry_limited	1	1	1.0	1.0	0.0	1.0	1	1
csf	GOT1	P17174	1	0	0	0	0	0	ms_only	1.0	0.8507655171512973	21.0	13.0	0.0	ENSG00000120053	0.0	0.0	confirmable	1	1	1.0	1.0	1.0	1.0	0	0
csf	GPI	P06744	0	1	0	0	0	0	affinity_only	1.0	0.8650574869630393	23.0	12.0	0.0416666666666666	ENSG00000105220	1.0	0.0	confirmable	1	1	1.0	1.0	1.0	1.0	1	1
csf	GPNMB	Q14956	1	0	0	0	0	0	ms_only	1.0	0.6683798248177646	18.0	9.0	0.0				chemistry_limited	1	1					1	0
csf	GRIN2C	Q14957	1	0	0	0	0	0	ms_only	1.0	0.7559834783291329	45.0	22.0	0.1				confirmable	0	0					1	1
csf	HAMP	P81172	0	1	0	0	0	0	affinity_only	1.0	0.5158017096461406	1.0	0.0	0.0				inference_limited	1	0					1	0
csf	HAVCR2	Q8TDQ0	0	1	0	0	0	0	affinity_only	1.0	0.7244873471151368	15.0	6.0	0.0	ENSG00000135077	0.0	1.0	confirmable	1	1	0.0	1.0	0.0	1.0	1	0
csf	HAX1	O00165	0	1	0	0	0	0	affinity_only	1.0	0.9191667269056822	15.0	13.0	0.0	ENSG00000143575	0.0	0.0	confirmable	1	0	1.0	1.0	0.0	1.0	0	0
csf	HBEGF	Q99075	1	0	0	0	0	0	ms_only	1.0	0.7405429181698465	8.0	3.0	0.0	ENSG00000113070	1.0	1.0	confirmable	1	1	0.0	1.0	0.0	1.0	1	1
csf	HGF	P14210	0	0	1	0	0	0	affinity_only	1.0	0.6364491269012802	27.0	5.0	0.0	ENSG00000019991	1.0	1.0	chemistry_limited	1	1	0.0	1.0	0.0	0.0	1	1
csf	HP	P00738	1	0	0	0	0	0	ms_only	1.0	0.7465569284635537	9.0	5.0	0.55	ENSG00000257017	1.0	1.0	confirmable	1	0	0.0	1.0	1.0	1.0	1	1
csf	HPX	P02790	1	0	0	0	0	1	ms_only	1.0	0.732832433091701	21.0	8.0	0.0454545454545454	ENSG00000110169	1.0	1.0	confirmable	1	0	1.0	1.0	1.0	1.0	1	0
csf	IGFBP7	Q16270	1	0	0	0	0	0	ms_only	1.0	0.7085015237213552	13.0	5.0	0.0714285714285714	ENSG00000163453	1.0	1.0	confirmable	1	1	1.0	1.0	1.0	1.0	1	0
csf	IGKV3D-15	A0A087WSY6	1	0	0	0	0	0	ms_only	1.0	0.3655991219991405	1.0	1.0	0.6666666666666666	ENSG00000224041	1.0	1.0	inference_limited	0	0					0	0
csf	IL15	P40933	1	0	0	0	0	0	ms_only	1.0	0.4826042337218099	3.0	0.0	0.0	ENSG00000164136	1.0	1.0	inference_limited	1	1	0.0	1.0	0.0	1.0	1	1
csf	IL20RA	Q9UHF4	0	1	0	0	0	0	affinity_only	1.0	0.7543944968292825	15.0	9.0	0.0	ENSG00000016402	0.0	1.0	confirmable	1	1	0.0	1.0	0.0	0.0	0	0
csf	IL34	Q6ZMJ4	0	0	0	0	0	0	unclassified	1.0	0.4040603915311803	8.0	6.0	0.0				chemistry_limited	1	1					0	0
csf	IL8	P10145	0	0	0	1	0	0	other_only	1.0	0.6168856079195365	3.0	1.0	0.0	ENSG00000169429	1.0	1.0	inference_limited	1	1	0.0	1.0	0.0	1.0	0	0
csf	IMPA1	P29218	1	0	0	0	0	0	ms_only	1.0	0.8254650660206654	16.0	8.0	0.0	ENSG00000133731	0.0	0.0	confirmable	1	1	1.0	1.0	1.0	1.0	1	1
csf	IRF1	P10914	0	1	0	0	0	0	affinity_only	1.0	0.7135220410535226	11.0	4.0	0.0833333333333333	ENSG00000125347	0.0	0.0	confirmable	1	0	0.0	1.0	0.0	1.0	1	0
csf	ITM2B	Q9Y287	1	0	0	0	0	0	ms_only	1.0	0.7748067881572176	13.0	6.0	0.0	ENSG00000136156	1.0	0.0	confirmable	1	0	1.0	1.0	1.0	1.0	0	0
csf	LDHA	P00338	1	1	1	0	0	0	both	1.0	0.8768790485436361	15.0	9.0	0.1666666666666666	ENSG00000134333	0.0	0.0	confirmable	1	0	1.0	1.0	1.0	1.0	1	0
csf	LECT2	O14960	1	0	0	0	0	0	ms_only	1.0	0.6248098766022475	5.0	2.0	0.0	ENSG00000145826	1.0	1.0	inference_limited	1	1	0.0	1.0	0.0	1.0	0	0
csf	LILRB1	Q8NHL6	0	0	0	0	0	0	unclassified	1.0	0.6172945548242859	15.0	6.0	0.375				chemistry_limited	1	0					0	0
csf	LIN7A	O14910	0	1	0	0	0	0	affinity_only	1.0	0.7679958193207364	7.0	2.0	0.4166666666666667	ENSG00000111052	0.0	0.0	inference_limited	1	0	1.0	1.0	0.0	1.0	0	0
csf	LMOD1	P29536	0	0	1	0	0	0	affinity_only	1.0	0.9328761085927552	27.0	16.0	0.0	ENSG00000163431	0.0	0.0	confirmable	1	1	0.0	1.0	0.0	1.0	0	0
csf	LRIG1	Q96JA1	1	0	0	0	0	0	ms_only	1.0	0.8837304105246255	49.0	27.0	0.0392156862745098	ENSG00000144749	0.0	1.0	confirmable	1	1	1.0	1.0	0.0	1.0	0	0
csf	LY6H	O94772	1	0	0	0	0	0	ms_only	1.0	0.6736558796448973	5.0	1.0	0.0	ENSG00000176956	0.0	1.0	inference_limited	0	0	1.0	0.0	0.0	0.0	0	0
csf	LYNX1	P0DP58	1	0	0	0	0	0	ms_only	1.0	0.4636376325802245	3.0	1.0	0.0				inference_limited	0	0					0	0
csf	MAP1LC3A	Q9H492	0	1	0	0	0	0	affinity_only	1.0	0.5992564565024526	2.0	0.0	0.5	ENSG00000101460	0.0	0.0	inference_limited	1	1	1.0	1.0	1.0	1.0	0	0
csf	MAPRE3	Q9UPY8	0	1	0	0	0	0	affinity_only	1.0	0.8651269172614412	13.0	7.0	0.1333333333333333	ENSG00000084764	0.0	0.0	confirmable	1	1	1.0	1.0	0.0	1.0	0	0
csf	MAPT	P10636	1	0	0	1	0	0	ms_only	1.0	0.9191369400084956	39.0	28.0	0.0	ENSG00000186868	1.0	0.0	confirmable	1	1	1.0	1.0	1.0	1.0	1	1
csf	MDH1	P40925	1	0	0	0	0	0	ms_only	1.0	0.8787738900027157	15.0	8.0	0.0	ENSG00000014641	0.0	0.0	confirmable	1	1	1.0	1.0	1.0	1.0	0	0
csf	MIF	P14174	1	0	0	0	0	0	ms_only	1.0	0.5189911234697122	3.0	1.0	0.0	ENSG00000240972	1.0	0.0	inference_limited	1	1	1.0	1.0	1.0	1.0	1	0
csf	MLEC	Q14165	1	0	0	0	0	0	ms_only	1.0	0.902309252026518	14.0	11.0	0.0				confirmable	1	0					0	0
csf	MMP3	P08254	1	0	0	0	0	0	ms_only	1.0	0.9025073412540106	15.0	11.0	0.0625	ENSG00000149968	1.0	1.0	confirmable	1	1	0.0	1.0	0.0	0.0	1	1
csf	MMP10	P09238	0	1	1	1	0	0	affinity_only	1.0	0.8647835973151619	18.0	11.0	0.0526315789473684	ENSG00000166670	1.0	1.0	confirmable	1	1	0.0	1.0	0.0	1.0	1	0
csf	MT3	Q2MJS5	1	0	0	0	0	0	ms_only									unscored	0	0					1	0
csf	MYH9	P35579	1	0	0	0	0	0	ms_only	1.0	0.9687182272946576	79.0	44.0	0.2178217821782178	ENSG00000100345	0.0	0.0	confirmable	1	1	1.0	1.0	0.0	1.0	0	0
csf	NEFH	P12036	0	1	0	0	0	0	affinity_only	1.0	0.9310030393440986	32.0	23.0	0.1111111111111111	ENSG00000100285	0.0	0.0	confirmable	1	0	1.0	1.0	0.0	1.0	0	0
csf	NEFL	P07196	1	0	0	0	0	0	ms_only	1.0	0.9026246479884844	31.0	23.0	0.088235294117647	ENSG00000277586	0.0	0.0	confirmable	1	1	1.0	1.0	0.0	1.0	0	0
csf	NEGR1	Q7Z3B1	0	1	0	0	0	0	affinity_only	1.0	0.7404500589216537	13.0	6.0	0.0	ENSG00000172260	0.0	1.0	confirmable	1	0	1.0	1.0	0.0	1.0	0	0
csf	NPTX2	P47972	1	1	0	0	0	0	both	1.0	0.8830690533294735	18.0	10.0	0.0526315789473684	ENSG00000106236	1.0	1.0	confirmable	1	1	1.0	1.0	0.0	1.0	1	0
csf	NPTXR	O95502	1	0	0	0	0	0	ms_only	1.0	0.810884076568976	20.0	10.0	0.0	ENSG00000221890	0.0	0.0	confirmable	1	1	1.0	1.0	0.0	1.0	1	1
csf	NRGN	Q92686	1	0	0	0	0	0	ms_only	1.0	0.6451343957846224	2.0	2.0	0.0	ENSG00000154146	0.0	0.0	inference_limited	1	1	0.0	1.0	0.0	1.0	0	0
csf	NRX1A	Q9ULB1	1	0	0	0	0	0	ms_only	1.0	0.9040515319031364	53.0	27.0	0.1451612903225806				confirmable	1	0					0	0
csf	NTN1	O95631	1	0	0	0	0	0	ms_only	1.0	0.5436542940631003	23.0	7.0	0.1481481481481481	ENSG00000065320	1.0	1.0	chemistry_limited	1	0	1.0	1.0	0.0	1.0	0	0
csf	NUDC	Q9Y266	1	0	0	0	0	0	ms_only	1.0	0.9595436472115773	21.0	13.0	0.0	ENSG00000090273	0.0	0.0	confirmable	1	1	1.0	1.0	1.0	1.0	0	0
csf	OPALIN	Q96PE5	1	0	0	0	0	0	ms_only	1.0	0.7465046831345529	6.0	2.0	0.0	ENSG00000197430	0.0	0.0	inference_limited	1	0	0.0	1.0	0.0	0.0	0	0
csf	ORM1	P02763	1	0	0	0	0	0	ms_only	1.0	0.8372144218076013	7.0	3.0	0.3	ENSG00000229314	1.0	1.0	confirmable	0	1	0.0	0.0	0.0	1.0	0	0
csf	P4HB	P07237	1	0	1	0	0	0	both	1.0	0.9365848649818452	33.0	26.0	0.0	ENSG00000185624	1.0	1.0	confirmable	1	1	1.0	1.0	1.0	1.0	1	1
csf	PCSK1	Q9UHG2	0	1	0	0	0	0	affinity_only	1.0	0.8445810928917411	8.0	8.0	0.1111111111111111	ENSG00000102109	1.0	1.0	confirmable	1	0	1.0	1.0	1.0	1.0	1	1
csf	PEA15	Q15121	1	0	0	0	0	0	ms_only	1.0	0.8409948850623384	7.0	4.0	0.0	ENSG00000162734	0.0	0.0	confirmable	1	0	1.0	1.0	1.0	1.0	0	0
csf	PGAM1	P18669	1	0	0	0	0	0	ms_only	1.0	0.8458738723269653	6.0	2.0	0.5384615384615384	ENSG00000171314	1.0	0.0	inference_limited	1	0	1.0	1.0	1.0	1.0	0	0
csf	PGK1	P00558	1	0	0	0	0	0	ms_only	1.0	0.9171419174124124	21.0	8.0	0.16	ENSG00000102144	0.0	0.0	confirmable	1	0	1.0	1.0	1.0	1.0	1	1
csf	PIGR	P01833	0	1	0	0	0	0	affinity_only	1.0	0.9129435419292812	39.0	16.0	0.0	ENSG00000162896	1.0	1.0	confirmable	1	1	0.0	1.0	0.0	1.0	0	0
csf	PKM	P14618	1	1	1	0	0	0	both	1.0	0.8871572619047463	29.0	15.0	0.0333333333333333	ENSG00000067225	0.0	0.0	confirmable	1	0	1.0	1.0	1.0	1.0	1	1
csf	PLSCR3	Q9NRY6	1	0	0	0	0	0	ms_only	1.0	0.5539700614506643	10.0	5.0	0.0	ENSG00000187838	0.0	0.0	chemistry_limited	1	1	1.0	1.0	0.0	0.0	0	0
csf	PPP3CA	Q08209	1	0	0	0	0	0	ms_only	1.0	0.8486734220832592	15.0	8.0	0.3478260869565217	ENSG00000138814	0.0	0.0	confirmable	1	1	1.0	1.0	0.0	1.0	1	1
csf	PPY	P01298	0	0	0	1	0	0	other_only	1.0	0.5762209386362936	2.0	1.0	0.0	ENSG00000108849	1.0	1.0	inference_limited	1	1	0.0	1.0	0.0	1.0	1	1
csf	PRDX1	Q06830	1	1	1	0	0	0	both	1.0	0.8425485488312541	10.0	5.0	0.2307692307692307	ENSG00000117450	0.0	0.0	confirmable	1	1	1.0	1.0	1.0	1.0	1	1
csf	PRDX3	P30048	1	0	0	0	0	0	ms_only	1.0	0.7828263823718412	9.0	6.0	0.0	ENSG00000165672	0.0	0.0	confirmable	1	1	1.0	1.0	1.0	1.0	0	0
csf	PRND	Q9UKY0	1	0	0	0	0	0	ms_only	1.0	0.6442497998602831	7.0	3.0	0.0	ENSG00000171864	0.0	1.0	chemistry_limited	1	1	0.0	1.0	0.0	1.0	0	0
csf	PRTFDC1	Q9NRG1	0	1	0	0	0	0	affinity_only	1.0	0.841998952959177	8.0	3.0	0.1111111111111111	ENSG00000099256	0.0	0.0	confirmable	1	1	1.0	1.0	0.0	1.0	0	0
csf	PVR	P15151	1	0	0	0	0	0	ms_only	1.0	0.6605294613580399	10.0	6.0	0.0	ENSG00000073008	1.0	1.0	chemistry_limited	1	1	1.0	1.0	0.0	1.0	0	0
csf	RAB13	P51153	0	1	0	0	0	0	affinity_only	1.0	0.8665269185200891	9.0	4.0	0.25	ENSG00000143545	0.0	0.0	confirmable	1	0	1.0	1.0	0.0	1.0	0	0
csf	RBP4	P02753	1	0	0	0	0	0	ms_only	1.0	0.7815793066526362	9.0	2.0	0.0	ENSG00000138207	1.0	1.0	inference_limited	1	1	1.0	1.0	1.0	1.0	1	1
csf	RGN	Q15493	1	0	0	0	0	0	ms_only	1.0	0.9096156185512096	19.0	8.0	0.0	ENSG00000130988	0.0	0.0	confirmable	1	0	0.0	1.0	0.0	0.0	0	0
csf	RNAS1	P07998	1	0	0	0	0	0	ms_only	1.0	0.4820299728791183	6.0	0.0	0.0	ENSG00000129538	1.0	1.0	inference_limited	1	1	0.0	1.0	0.0	1.0	0	0
csf	SBSPON	Q8IVN8	1	0	0	0	0	0	ms_only	1.0	0.6782622437702899	11.0	0.0	0.0	ENSG00000164764	1.0	1.0	inference_limited	0	1	0.0	0.0	0.0	0.0	0	0
csf	SCG2	P13521	1	0	0	0	0	0	ms_only	1.0	0.9578157765412898	37.0	27.0	0.0	ENSG00000171951	1.0	1.0	confirmable	1	1	1.0	1.0	1.0	1.0	0	0
csf	SCRN1	Q12765	0	0	1	0	0	0	affinity_only	1.0	0.8417498289240778	15.0	6.0	0.0	ENSG00000136193	0.0	0.0	confirmable	0	1	1.0	1.0	1.0	1.0	0	0
csf	SEM6A	Q9H2E6	0	1	0	0	0	0	affinity_only	1.0	0.7941091649545919	46.0	21.0	0.0612244897959183	ENSG00000092421	0.0	1.0	confirmable	1	0	1.0	1.0	0.0	1.0	0	0
csf	SEMG1	P04279	1	0	0	0	0	0	ms_only	1.0	0.9106992597155366	23.0	22.0	0.1481481481481481	ENSG00000124233	1.0	1.0	confirmable	1	0	0.0	1.0	0.0	1.0	0	0
csf	SERPINF1	P36955	1	0	0	0	0	0	ms_only	1.0	0.945452346284404	21.0	16.0	0.0	ENSG00000132386	1.0	1.0	confirmable	1	1	1.0	1.0	1.0	1.0	1	0
csf	SIRPB1	O00241	1	0	0	0	0	0	ms_only	1.0	0.7742350543586204	16.0	7.0	0.238095238095238				confirmable	1	1					0	0
csf	SIRT2	Q8IXJ6	0	0	1	0	0	0	affinity_only	1.0	0.8165751199919212	20.0	9.0	0.0	ENSG00000068903	0.0	0.0	confirmable	1	1	1.0	1.0	0.0	1.0	1	1
csf	SLIT2	O94813	0	1	0	0	0	0	affinity_only	1.0	0.7500911370066042	64.0	25.0	0.044776119402985	ENSG00000145147	1.0	1.0	confirmable	1	1	1.0	1.0	0.0	1.0	0	0
csf	SLP1	Q8IYJ3	0	1	0	0	0	0	affinity_only	1.0	0.863808530666848	23.0	16.0	0.0416666666666666	ENSG00000142765	0.0	0.0	confirmable	1	1	0.0	1.0	0.0	0.0	0	0
csf	SMAD5	Q99717	0	1	0	0	0	0	affinity_only	1.0	0.5218302094260168	8.0	4.0	0.6190476190476191	ENSG00000113658	0.0	0.0	chemistry_limited	1	1	1.0	1.0	0.0	1.0	0	0
csf	SMOC1	Q9H4F8	1	1	1	0	0	0	both	1.0	0.5962653740522657	19.0	6.0	0.0	ENSG00000198732	1.0	1.0	chemistry_limited	1	1	1.0	1.0	1.0	1.0	0	0
csf	SMOC2	Q9H3U7	1	0	0	0	0	0	ms_only	1.0	0.6145107875437003	16.0	8.0	0.0				chemistry_limited	1	1					0	0
csf	SOD1	P00441	1	1	1	0	0	0	both	1.0	0.9062447191298664	8.0	4.0	0.0	ENSG00000142168	0.0	0.0	confirmable	1	1	1.0	1.0	1.0	1.0	1	1
csf	SOD2	P04179	0	1	0	0	0	0	affinity_only	1.0	0.8683590278473713	10.0	6.0	0.0	ENSG00000291237	0.0	0.0	confirmable	1	1	1.0	1.0	1.0	1.0	1	1
csf	SORCS3	Q9UPU3	1	0	0	0	0	0	ms_only	1.0	0.8512758440710301	45.0	25.0	0.0625				confirmable	1	1					0	0
csf	SPARC	P09486	1	1	0	0	0	0	both	1.0	0.7718654947639498	12.0	3.0	0.0	ENSG00000113140	1.0	1.0	confirmable	1	1	1.0	1.0	1.0	1.0	1	0
csf	SPINT2	O43291	1	0	0	0	0	0	ms_only	1.0	0.6903368712032334	11.0	4.0	0.0	ENSG00000167642	0.0	1.0	confirmable	1	1	1.0	1.0	0.0	1.0	0	0
csf	SPP1	P10451	1	0	0	0	0	0	ms_only	1.0	0.852194535086944	11.0	9.0	0.0	ENSG00000118785	1.0	1.0	confirmable	1	1	1.0	1.0	0.0	1.0	1	1
csf	SRGN	P10124	1	0	0	0	0	0	ms_only	1.0	0.7006803431854575	3.0	0.0	0.0	ENSG00000122862	1.0	1.0	inference_limited	1	0	0.0	1.0	0.0	1.0	1	1
csf	SSC5D	A1L4H1	1	0	0	0	0	0	ms_only	1.0	0.8581145283658875	60.0	30.0	0.0	ENSG00000179954	1.0	1.0	confirmable	0	1	1.0	1.0	0.0	1.0	0	0
csf	ST8SIA5	O15466	1	0	0	0	0	0	ms_only	1.0	0.4713897951165974	18.0	9.0	0.0526315789473684	ENSG00000101638	0.0	0.0	chemistry_limited	0	0					0	0
csf	STMN1	P16949	1	0	0	0	0	0	ms_only	1.0	0.9019836960888422	5.0	4.0	0.375	ENSG00000117632	0.0	0.0	confirmable	1	0	1.0	1.0	1.0	1.0	1	1
csf	SUCLG2	Q96I99	1	0	0	0	0	0	ms_only	1.0	0.9401350700443863	23.0	12.0	0.0416666666666666	ENSG00000172340	0.0	0.0	confirmable	0	0	1.0	0.0	0.0	0.0	0	0
csf	SYT12	Q8IV01	0	1	0	0	0	0	affinity_only	1.0	0.9315500287960156	23.0	15.0	0.0	ENSG00000173227	0.0	0.0	confirmable	1	0	0.0	1.0	0.0	0.0	0	0
csf	TAGLN2	P37802	1	0	0	0	0	0	ms_only	1.0	0.8808945957777399	13.0	4.0	0.0714285714285714	ENSG00000158710	1.0	0.0	confirmable	1	0	1.0	1.0	1.0	1.0	0	0
csf	TAGLN3	Q9UI15	1	0	0	0	0	0	ms_only	1.0	0.9245561488054748	12.0	7.0	0.1428571428571428	ENSG00000144834	0.0	0.0	confirmable	1	1	1.0	1.0	1.0	1.0	0	0
csf	TBCA	O75347	0	1	0	0	0	0	affinity_only	1.0	0.8586497338754276	6.0	5.0	0.0	ENSG00000171530	0.0	0.0	confirmable	1	1	1.0	1.0	1.0	1.0	0	0
csf	TMEM132B	Q14DG7	1	0	0	0	0	0	ms_only	1.0	0.912688117553106	47.0	26.0	0.0208333333333333	ENSG00000139364	0.0	0.0	confirmable	1	0	1.0	1.0	0.0	1.0	0	0
csf	TMOD2	Q9NZR1	0	1	0	0	0	0	affinity_only	1.0	0.9358581443636635	19.0	11.0	0.05	ENSG00000128872	0.0	0.0	confirmable	1	1	1.0	1.0	0.0	1.0	0	0
csf	TPD52L2	O43399	1	0	0	0	0	0	ms_only	1.0	0.9418986027794952	11.0	8.0	0.0	ENSG00000101150	0.0	0.0	confirmable	1	1	1.0	1.0	1.0	1.0	0	0
csf	TPI1	P60174	1	0	0	0	0	0	ms_only	1.0	0.9317821808587196	16.0	9.0	0.0	ENSG00000111669	0.0	0.0	confirmable	1	0	1.0	1.0	1.0	1.0	0	0
csf	TRMT2A	Q8IZ69	1	0	0	0	0	0	ms_only	1.0	0.6655758610760883	32.0	19.0	0.0	ENSG00000099899	0.0	0.0	chemistry_limited	1	0	1.0	1.0	0.0	0.0	0	0
csf	TSN	Q15631	0	1	0	0	0	0	affinity_only	1.0	0.8541869034474155	12.0	10.0	0.0	ENSG00000211460	0.0	0.0	confirmable	1	0	1.0	1.0	0.0	1.0	0	0
csf	TTR	P02766	1	0	0	0	0	0	ms_only	1.0	0.845146086151716	5.0	4.0	0.0	ENSG00000118271	1.0	1.0	confirmable	0	1	0.0	1.0	1.0	1.0	1	1
csf	TUBB2B	Q9BVA1	1	0	0	0	0	0	ms_only	1.0	0.7380826113975568	1.0	1.0	0.9473684210526316	ENSG00000137285	0.0	0.0	inference_limited	0	0	1.0	0.0	1.0	0.0	1	1
csf	UBE2N	P61088	0	1	0	0	0	0	affinity_only	1.0	0.7701757621398057	5.0	2.0	0.5	ENSG00000177889	0.0	0.0	inference_limited	1	0	1.0	1.0	1.0	1.0	1	1
csf	UCHL1	P09936	1	0	0	0	0	0	ms_only	1.0	0.8405980150585658	9.0	5.0	0.0	ENSG00000154277	0.0	0.0	confirmable	1	0	1.0	1.0	1.0	1.0	0	0
csf	VEGF	P15692	0	0	0	1	0	0	other_only	1.0	0.722592397524052	18.0	9.0	0.0	ENSG00000112715	1.0	0.0	confirmable	1	1	1.0	1.0	0.0	1.0	0	0
csf	VEGFC	P49767	1	1	0	0	0	0	both	1.0	0.4418783248465458	6.0	2.0	0.0				inference_limited	1	1					1	1
csf	VGF	O15240	1	0	0	0	0	0	ms_only	1.0	0.9598919926725108	31.0	30.0	0.0	ENSG00000128564	1.0	1.0	confirmable	1	1	1.0	1.0	1.0	0.0	0	0
csf	VIP	P01282	1	0	0	0	0	0	ms_only	1.0	0.8941860129806244	6.0	3.0	0.0	ENSG00000146469	1.0	1.0	confirmable	1	0	0.0	1.0	0.0	0.0	1	1
csf	VSTM2A	Q8TAG5	1	1	1	0	0	0	both	1.0	0.7916077381873692	11.0	7.0	0.0				confirmable	1	0					0	0
csf	YWHAB	P31946	0	1	0	0	0	0	affinity_only	1.0	0.8948399457947377	7.0	4.0	0.5	ENSG00000166913	0.0	0.0	confirmable	1	0	1.0	1.0	1.0	1.0	0	0
csf	YWHAE	P62258	1	1	0	0	0	0	both	1.0	0.8886925432079229	14.0	7.0	0.1764705882352941	ENSG00000108953	0.0	0.0	confirmable	1	0	1.0	1.0	1.0	1.0	1	1
csf	YWHAG	P61981	1	1	0	0	0	0	both	1.0	0.8499399741852074	11.0	5.0	0.3125	ENSG00000170027	0.0	0.0	confirmable	1	0	1.0	1.0	1.0	1.0	1	1
csf	YWHAZ	P63104	1	1	1	0	0	0	both	1.0	0.9200126388891998	9.0	5.0	0.3571428571428571	ENSG00000164924	0.0	0.0	confirmable	1	0	1.0	1.0	1.0	1.0	0	0
cortex	A2M	P01023	1	0	0	0	0	0	ms_only	1.0	0.9148703059268368	60.0	36.0	0.1304347826086956	ENSG00000175899	1.0	1.0	confirmable	1	0	1.0	1.0	1.0	1.0	1	1
cortex	ABCA1	O95477	1	0	0	0	0	0	ms_only	1.0	0.9187473603422056	101.0	45.0	0.0288461538461538	ENSG00000165029	0.0	0.0	confirmable	0	0	1.0	0.0	0.0	0.0	1	1
cortex	ADH4	P08319	1	0	0	0	0	0	ms_only	1.0	0.8447789528369439	18.0	7.0	0.0526315789473684	ENSG00000198099	0.0	0.0	confirmable	1	1	0.0	1.0	0.0	1.0	1	1
cortex	AHNAK	Q09666	1	0	0	0	0	0	ms_only	1.0	0.9752399047059775	371.0	217.0	0.0159151193633952	ENSG00000124942	0.0	0.0	confirmable	1	1	1.0	1.0	0.0	0.0	0	0
cortex	AKAP9	Q99996	1	0	0	0	0	0	ms_only	1.0	0.96813997091627	235.0	147.0	0.0084388185654008	ENSG00000127914	0.0	0.0	confirmable	0	0	1.0	0.0	0.0	0.0	0	0
cortex	ALDOA	P04075	1	0	0	0	0	0	ms_only	1.0	0.8326558633653648	17.0	10.0	0.1904761904761904	ENSG00000149925	0.0	0.0	confirmable	1	0	1.0	1.0	1.0	1.0	1	1
cortex	AMPH	P49418	1	0	0	0	0	0	ms_only	1.0	0.9123416377989716	26.0	19.0	0.037037037037037	ENSG00000078053	0.0	0.0	confirmable	1	0	1.0	1.0	0.0	1.0	1	0
cortex	ANLN	Q9NQW6	1	0	0	0	0	0	ms_only	1.0	0.813634840087359	61.0	33.0	0.0	ENSG00000011426	0.0	0.0	confirmable	0	1	1.0	1.0	0.0	1.0	0	0
cortex	ANXA1	P04083	1	0	0	0	0	0	ms_only	1.0	0.932748842482668	18.0	13.0	0.0	ENSG00000135046	1.0	0.0	confirmable	1	1	1.0	1.0	0.0	1.0	1	1
cortex	APBB1	O00213	1	0	0	0	0	0	ms_only	1.0	0.7289120448816677	22.0	12.0	0.0833333333333333	ENSG00000166313	0.0	0.0	confirmable	1	1	1.0	1.0	0.0	1.0	1	1
cortex	APCS	P02743	1	0	0	0	0	0	ms_only	1.0	0.7592829282209788	9.0	7.0	0.0	ENSG00000132703	1.0	1.0	confirmable	1	1	0.0	1.0	0.0	0.0	1	1
cortex	APLNR	P35414	1	0	0	0	0	0	ms_only	1.0	0.4827943330881417	14.0	3.0	0.0	ENSG00000134817	0.0	0.0	chemistry_limited	1	0	0.0	1.0	0.0	1.0	1	0
cortex	APOA	P08519	1	0	0	0	0	0	ms_only	1.0	0.8215890486537097	78.0	25.0	0.048780487804878	ENSG00000198670	1.0	1.0	confirmable	1	1	0.0	1.0	0.0	1.0	0	0
cortex	APOE	P02649	1	0	0	0	0	0	ms_only	1.0	0.9481296278632114	21.0	16.0	0.0	ENSG00000130203	1.0	1.0	confirmable	1	1	1.0	1.0	1.0	1.0	1	1
cortex	APP	P05067	1	0	0	0	0	0	ms_only	1.0	0.891305939078262	32.0	16.0	0.0303030303030303	ENSG00000142192	1.0	1.0	confirmable	1	1	1.0	1.0	1.0	1.0	1	1
cortex	BDNF	P23560	1	0	0	0	0	0	ms_only	1.0	0.7826076546460776	15.0	7.0	0.0	ENSG00000176697	1.0	1.0	confirmable	1	1	0.0	1.0	0.0	1.0	1	1
cortex	BIN1	O00499	1	0	0	0	0	0	ms_only	1.0	0.8907825864230685	26.0	16.0	0.037037037037037	ENSG00000136717	0.0	0.0	confirmable	1	1	1.0	1.0	0.0	1.0	1	0
cortex	BRINP3	Q76B58	1	0	0	0	0	0	ms_only	1.0	0.6176569966431521	24.0	12.0	0.2	ENSG00000162670	1.0	1.0	chemistry_limited	0	0	1.0	0.0	0.0	0.0	1	0
cortex	CIQTNF5	Q9BXJ0	1	0	0	0	0	0	ms_only	1.0	0.7225691341415376	11.0	7.0	0.0	ENSG00000223953	1.0	1.0	confirmable	1	1	1.0	1.0	0.0	1.0	0	0
cortex	C4A	P0C0L4	1	0	0	0	0	0	ms_only	1.0	0.6399853008561981	0.0	0.0	1.0	ENSG00000244731	1.0	1.0	inference_locked	1	0	0.0	1.0	0.0	0.0	1	0
cortex	C4B	P0C0L5	1	0	0	0	0	0	ms_only	1.0	0.6399853008561981	0.0	0.0	1.0				inference_locked	1	1					1	0
cortex	CAV1	Q03135	1	0	0	0	0	0	ms_only	1.0	0.8317626394944402	9.0	6.0	0.1	ENSG00000105974	0.0	0.0	confirmable	0	0	1.0	0.0	0.0	0.0	1	1
cortex	CHGA	P10645	1	0	0	0	0	0	ms_only	1.0	0.9423783771710909	19.0	14.0	0.0	ENSG00000100604	1.0	1.0	confirmable	1	1	1.0	1.0	1.0	1.0	0	0
cortex	CKB	P12277	1	0	0	0	0	0	ms_only	1.0	0.9093535963723234	14.0	7.0	0.0666666666666666	ENSG00000166165	0.0	0.0	confirmable	1	1	1.0	1.0	1.0	1.0	0	0
cortex	COL25A1	Q9BXS0	1	0	0	0	0	0	ms_only	1.0	0.8791900440362509	34.0	22.0	0.0285714285714285				confirmable	1	0					0	0
cortex	CTHRC1	Q96CG8	1	0	0	0	0	0	ms_only	1.0	0.7925583831031726	9.0	5.0	0.0	ENSG00000164932	1.0	1.0	confirmable	1	1	1.0	1.0	0.0	1.0	0	0
cortex	CTSH	P09668	1	0	0	0	0	0	ms_only	1.0	0.7846758229425884	8.0	3.0	0.0	ENSG00000103811	0.0	1.0	confirmable	1	1	1.0	1.0	0.0	1.0	1	0
cortex	DAO	P14920	1	0	0	0	0	0	ms_only	1.0	0.8240660444959965	11.0	7.0	0.0	ENSG00000110887	1.0	0.0	confirmable	1	0	0.0	1.0	0.0	0.0	1	1
cortex	DBN1	Q16643	1	0	0	0	0	0	ms_only	1.0	0.8592063816262875	23.0	14.0	0.0	ENSG00000113758	0.0	0.0	confirmable	0	1	1.0	1.0	0.0	1.0	1	0
cortex	DCUN1D5	Q9BTE7	1	0	0	0	0	0	ms_only	1.0	0.880214349079895	12.0	7.0	0.0769230769230769	ENSG00000137692	0.0	0.0	confirmable	1	0	1.0	1.0	0.0	1.0	0	0
cortex	DDAH2	O95865	1	0	0	0	0	0	ms_only	1.0	0.8221221952667206	14.0	8.0	0.0666666666666666	ENSG00000213722	0.0	0.0	confirmable	1	0	1.0	1.0	1.0	1.0	0	0
cortex	DDX46	Q7L014	1	0	0	0	0	0	ms_only	1.0	0.931859721066364	55.0	29.0	0.0	ENSG00000145833	0.0	0.0	confirmable	1	0	1.0	1.0	0.0	1.0	0	0
cortex	DOP1A	Q5JWR5	1	0	0	0	0	0	ms_only	1.0	0.7989673735541829	94.0	47.0	0.0105263157894736	ENSG00000083097	0.0	0.0	confirmable	0	0	1.0	0.0	0.0	0.0	0	0
cortex	DUSP26	Q9BV47	1	0	0	0	0	0	ms_only	1.0	0.7130318575871589	10.0	3.0	0.0	ENSG00000133878	0.0	0.0	confirmable	1	0	0.0	1.0	0.0	1.0	0	0
cortex	ENO1	P06733	1	0	0	0	0	0	ms_only	1.0	0.922827033355736	18.0	12.0	0.1818181818181818	ENSG00000074800	0.0	0.0	confirmable	1	1	1.0	1.0	1.0	1.0	1	1
cortex	EXOC2	Q96KP1	1	0	0	0	0	0	ms_only	1.0	0.9161719201019066	47.0	30.0	0.0				confirmable	0	0					0	0
cortex	FKBP4	Q02790	1	0	0	0	0	0	ms_only	1.0	0.9424812240088922	29.0	17.0	0.0	ENSG00000004478	0.0	0.0	confirmable	1	1	1.0	1.0	1.0	1.0	1	1
cortex	FRIL	P02792	1	0	0	0	0	0	ms_only	1.0	0.9150293953582116	8.0	5.0	0.0	ENSG00000087086	0.0	0.0	confirmable	1	1	1.0	1.0	0.0	1.0	0	0
cortex	GFAP	P14136	1	0	0	0	0	0	ms_only	1.0	0.9380514371105712	27.0	22.0	0.1	ENSG00000131095	0.0	0.0	confirmable	1	1	0.0	1.0	0.0	0.0	1	1
cortex	GNB3	P16520	1	0	0	0	0	0	ms_only	1.0	0.7939649794360129	10.0	2.0	0.2307692307692307	ENSG00000111664	0.0	0.0	inference_limited	0	0					1	1
cortex	GOT2	P00505	1	0	0	0	0	0	ms_only	1.0	0.8797851309906348	23.0	10.0	0.0	ENSG00000125166	0.0	0.0	confirmable	1	0	1.0	1.0	1.0	1.0	0	0
cortex	GPNMB	Q14956	1	0	0	0	0	0	ms_only	1.0	0.6683798248177646	18.0	9.0	0.0				chemistry_limited	1	1					1	0
cortex	GPT	Q9H3H5	1	0	0	0	0	0	ms_only	1.0	0.3844974852490762	9.0	3.0	0.0	ENSG00000172269	0.0	0.0	chemistry_limited	0	0	1.0	0.0	0.0	0.0	1	1
cortex	GRN	P28799	1	0	0	0	0	0	ms_only	1.0	0.5925899491947679	21.0	7.0	0.0	ENSG00000030582	1.0	1.0	chemistry_limited	1	1	1.0	1.0	0.0	1.0	1	0
cortex	GSN	P06396	1	0	0	0	0	0	ms_only	1.0	0.9312708667766446	31.0	23.0	0.0	ENSG00000148180	1.0	1.0	confirmable	1	1	1.0	1.0	1.0	1.0	0	0
cortex	HECTD1	Q9ULT8	1	0	0	0	0	0	ms_only	1.0	0.9146546516248136	118.0	61.0	0.0	ENSG00000092148	0.0	0.0	confirmable	0	0	1.0	0.0	0.0	0.0	0	0
cortex	HGF	P14210	1	0	0	0	0	0	ms_only	1.0	0.6364491269012802	27.0	5.0	0.0	ENSG00000019991	1.0	1.0	chemistry_limited	1	1	0.0	1.0	0.0	0.0	1	1
cortex	HLAA	P04439	1	0	0	0	0	0	ms_only	1.0	0.8992980281550471	11.0	8.0	0.3888888888888889				confirmable	1	1					0	0
cortex	HLADRB1	Q07493	1	0	0	0	0	0	ms_only									unscored	0	0					0	0
cortex	HP	P00738	1	0	0	0	0	0	ms_only	1.0	0.7465569284635537	9.0	5.0	0.55	ENSG00000257017	1.0	1.0	confirmable	1	0	0.0	1.0	1.0	1.0	1	1
cortex	HSPA8	P11142	1	0	0	0	0	0	ms_only	1.0	0.8925076000626635	21.0	10.0	0.3636363636363636	ENSG00000109971	0.0	0.0	confirmable	1	0	1.0	1.0	1.0	1.0	1	1
cortex	HSPB1	P04792	1	0	0	0	0	0	ms_only	1.0	0.8740930641813628	12.0	11.0	0.0	ENSG00000106211	0.0	0.0	confirmable	1	1	1.0	1.0	0.0	1.0	1	1
cortex	HSP90AB1	P08238	1	0	0	0	0	0	ms_only	1.0	0.8346087405064379	12.0	6.0	0.6571428571428571	ENSG00000096384	1.0	0.0	confirmable	1	0	1.0	1.0	1.0	1.0	1	1
cortex	HTRA1	Q92743	1	0	0	0	0	0	ms_only	1.0	0.7821429151913034	18.0	11.0	0.0	ENSG00000166033	1.0	1.0	confirmable	1	0	1.0	1.0	1.0	1.0	1	1
cortex	IMMT	Q16891	1	0	0	0	0	0	ms_only	1.0	0.9467182405042543	39.0	28.0	0.0	ENSG00000132305	0.0	0.0	confirmable	1	1	1.0	1.0	0.0	1.0	0	0
cortex	KDM4B	O94953	1	0	0	0	0	0	ms_only	1.0	0.7758107295972163	40.0	24.0	0.0909090909090909				confirmable	0	0					0	0
cortex	KIAA1755	Q5JYT7	1	0	0	0	0	0	ms_only	1.0	0.9124760161506096	61.0	36.0	0.0	ENSG00000149633	0.0	0.0	confirmable	0	1	0.0	0.0	0.0	0.0	0	0
cortex	LAPTM4A	Q15012	1	0	0	0	0	0	ms_only	1.0	0.2339688520099301	8.0	2.0	0.0	ENSG00000068697	0.0	0.0	inference_limited	0	0					0	0
cortex	MAPT	P10636	1	0	0	0	0	0	ms_only	1.0	0.9191369400084956	39.0	28.0	0.0	ENSG00000186868	1.0	0.0	confirmable	1	1	1.0	1.0	1.0	1.0	1	1
cortex	MARCKS	P29966	1	0	0	0	0	0	ms_only	1.0	0.758392881403504	9.0	7.0	0.1	ENSG00000277443	0.0	0.0	confirmable	1	0	1.0	1.0	1.0	1.0	1	0
cortex	MDK	P21741	1	0	0	0	0	0	ms_only	1.0	0.7410160272137573	7.0	0.0	0.0	ENSG00000110492	1.0	1.0	inference_limited	1	1	1.0	1.0	0.0	1.0	1	1
cortex	MRPS14	O60783	1	0	0	0	0	0	ms_only	1.0	0.7696534906948972	7.0	3.0	0.0	ENSG00000120333	0.0	0.0	confirmable	1	0	1.0	1.0	0.0	0.0	0	0
cortex	MSN	P26038	1	0	0	0	0	0	ms_only	1.0	0.936790155719612	25.0	17.0	0.2647058823529412	ENSG00000147065	0.0	0.0	confirmable	1	0	1.0	1.0	1.0	1.0	0	0
cortex	MSR1	P21757	1	0	0	0	0	0	ms_only	1.0	0.9157959401404968	29.0	14.0	0.0	ENSG00000038945	0.0	0.0	confirmable	1	1	0.0	1.0	0.0	1.0	1	0
cortex	MTFR1L	Q9H019	1	0	0	0	0	0	ms_only	1.0	0.6802823689960722	13.0	6.0	0.0	ENSG00000117640	0.0	0.0	chemistry_limited	1	1	1.0	1.0	0.0	1.0	0	0
cortex	NDP	Q00604	1	0	0	0	0	0	ms_only	1.0	0.576263635795428	6.0	2.0	0.0				inference_limited	1	0					0	0
cortex	NEURL4	Q96JN8	1	0	0	0	0	0	ms_only	1.0	0.8907935972885866	56.0	25.0	0.0	ENSG00000215041	0.0	0.0	confirmable	1	0	1.0	1.0	0.0	1.0	0	0
cortex	NPNT	Q6UXI9	1	0	0	0	0	0	ms_only	1.0	0.5669388931328233	31.0	13.0	0.0	ENSG00000168743	1.0	1.0	chemistry_limited	1	0	1.0	1.0	0.0	1.0	0	0
cortex	NPTX2	P47972	1	0	0	0	0	0	ms_only	1.0	0.8830690533294735	18.0	10.0	0.0526315789473684	ENSG00000106236	1.0	1.0	confirmable	1	1	1.0	1.0	0.0	1.0	1	0
cortex	NRGN	Q92686	1	0	0	0	0	0	ms_only	1.0	0.6451343957846224	2.0	2.0	0.0	ENSG00000154146	0.0	0.0	inference_limited	1	1	0.0	1.0	0.0	1.0	0	0
cortex	NTN1	O95631	1	0	0	0	0	0	ms_only	1.0	0.5436542940631003	23.0	7.0	0.1481481481481481	ENSG00000065320	1.0	1.0	chemistry_limited	1	0	1.0	1.0	0.0	1.0	0	0
cortex	NTN3	O00634	1	0	0	0	0	0	ms_only	1.0	0.5513735013950354	25.0	7.0	0.1379310344827586	ENSG00000162068	1.0	1.0	chemistry_limited	0	0	1.0	0.0	0.0	0.0	0	0
cortex	OLFM4	Q6UX06	1	0	0	0	0	0	ms_only	1.0	0.8548403134962592	22.0	12.0	0.0	ENSG00000102837	1.0	1.0	confirmable	1	1	0.0	0.0	0.0	1.0	0	0
cortex	PANK4	Q9NVE7	1	0	0	0	0	0	ms_only	1.0	0.932205491889401	44.0	29.0	0.0	ENSG00000157881	0.0	0.0	confirmable	0	0	1.0	0.0	0.0	0.0	0	0
cortex	PBXIP1	Q96AQ6	1	0	0	0	0	0	ms_only	1.0	0.9161805379390596	30.0	21.0	0.0	ENSG00000163346	0.0	0.0	confirmable	1	1	1.0	1.0	0.0	1.0	0	0
cortex	PDYN	P01213	1	0	0	0	0	0	ms_only	1.0	0.4204502496875227	2.0	1.0	0.0	ENSG00000101327	1.0	1.0	inference_limited	1	0	0.0	1.0	0.0	1.0	1	1
cortex	PKM	P14618	1	0	0	0	0	0	ms_only	1.0	0.8871572619047463	29.0	15.0	0.0333333333333333	ENSG00000067225	0.0	0.0	confirmable	1	0	1.0	1.0	1.0	1.0	1	1
cortex	PLCD3	Q8N3E9	1	0	0	0	0	0	ms_only	1.0	0.8651605661413342	36.0	22.0	0.027027027027027	ENSG00000161714	0.0	0.0	confirmable	1	0	1.0	1.0	0.0	0.0	1	1
cortex	PLEC	Q15149	1	0	0	0	0	0	ms_only	1.0	0.9793169141340228	281.0	213.0	0.0343642611683848	ENSG00000178209	0.0	0.0	confirmable	1	0	1.0	1.0	0.0	0.0	0	0
cortex	PLIN2	Q99541	1	0	0	0	0	0	ms_only	1.0	0.8707667266581076	25.0	15.0	0.0	ENSG00000147872	0.0	0.0	confirmable	1	0	1.0	1.0	0.0	1.0	1	0
cortex	PMP2	P02689	1	0	0	0	0	0	ms_only	1.0	0.8884276371132918	6.0	6.0	0.25				confirmable	1	0					0	0
cortex	PPP1R14A	Q96A00	1	0	0	0	0	0	ms_only	1.0	0.8047876586357732	4.0	2.0	0.0	ENSG00000167641	0.0	0.0	inference_limited	1	1	1.0	1.0	0.0	1.0	0	0
cortex	PSMA1	P25788	1	0	0	0	0	0	ms_only	1.0	0.8843480879574528	11.0	7.0	0.0	ENSG00000100567	0.0	0.0	confirmable	1	0	1.0	1.0	1.0	0.0	1	1
cortex	RALA	P11233	1	0	0	0	0	0	ms_only	1.0	0.9186746530524432	6.0	4.0	0.4	ENSG00000006451	0.0	0.0	confirmable	1	0	1.0	1.0	0.0	1.0	1	1
cortex	RETN	Q9HD89	1	0	0	0	0	0	ms_only	1.0	0.8426146503524318	6.0	1.0	0.0				inference_limited	1	1					0	0
cortex	S100A12	P80511	1	0	0	0	0	0	ms_only	1.0	0.9017508271198008	4.0	4.0	0.0	ENSG00000163221	1.0	0.0	confirmable	1	1	0.0	1.0	0.0	1.0	1	1
cortex	S1PR5	Q9H228	1	0	0	0	0	0	ms_only	1.0	0.3216115001761451	15.0	8.0	0.0	ENSG00000180739	0.0	0.0	chemistry_limited	0	0					1	1
cortex	SCRN3	Q0VDG4	1	0	0	0	0	0	ms_only	1.0	0.853654239045449	17.0	7.0	0.0	ENSG00000144306	0.0	0.0	confirmable	1	0	1.0	1.0	0.0	1.0	0	0
cortex	SCUBE3	Q8IX30	1	0	0	0	0	0	ms_only	1.0	0.8126359968972184	41.0	9.0	0.0238095238095238	ENSG00000146197	1.0	1.0	confirmable	1	1	1.0	1.0	0.0	1.0	0	0
cortex	SEPTIN3	Q9UH03	1	0	0	0	0	0	ms_only	1.0	0.8727833313630478	17.0	10.0	0.0	ENSG00000100167	0.0	0.0	confirmable	1	1	1.0	1.0	0.0	1.0	1	1
cortex	SIGLEC9	Q9Y336	1	0	0	0	0	0	ms_only	1.0	0.5985032170636246	11.0	6.0	0.0833333333333333	ENSG00000129450	0.0	1.0	chemistry_limited	1	1	0.0	1.0	0.0	0.0	0	0
cortex	SLC12A5	Q9H2X9	1	0	0	0	0	0	ms_only	1.0	0.8637877656989055	38.0	20.0	0.1739130434782608	ENSG00000124140	0.0	0.0	confirmable	0	0	1.0	0.0	0.0	0.0	1	1
cortex	SLC22A5	O76082	1	0	0	0	0	0	ms_only	1.0	0.7789482487759078	16.0	9.0	0.1111111111111111				confirmable	0	0					1	1
cortex	SLC4A3	P48751	1	0	0	0	0	0	ms_only	1.0	0.9125077878341216	42.0	28.0	0.0454545454545454				confirmable	0	0					0	0
cortex	SLIRP	Q9GZT3	1	0	0	0	0	0	ms_only	1.0	0.8769439167682479	8.0	6.0	0.0	ENSG00000119705	0.0	0.0	confirmable	1	1	1.0	1.0	0.0	1.0	0	0
cortex	SMOC1	Q9H4F8	1	0	0	0	0	0	ms_only	1.0	0.5962653740522657	19.0	6.0	0.0	ENSG00000198732	1.0	1.0	chemistry_limited	1	1	1.0	1.0	1.0	1.0	0	0
cortex	SNRNP70	P08621	1	0	0	0	0	0	ms_only	1.0	0.948074969445522	16.0	10.0	0.0	ENSG00000104852	0.0	0.0	confirmable	0	0	1.0	0.0	0.0	0.0	0	0
cortex	SNRPA	P09012	1	0	0	0	0	0	ms_only	1.0	0.6492792676207482	8.0	5.0	0.2	ENSG00000077312	0.0	0.0	chemistry_limited	1	0	1.0	1.0	0.0	1.0	0	0
cortex	SNRPB	P14678	1	0	0	0	0	0	ms_only	1.0	0.4663451972554597	6.0	2.0	0.5714285714285714	ENSG00000125835	0.0	0.0	inference_limited	1	0	1.0	1.0	1.0	1.0	0	0
cortex	SNRPD1	P62314	1	0	0	0	0	0	ms_only	1.0	0.9389416556503568	4.0	3.0	0.0	ENSG00000167088	0.0	0.0	confirmable	0	0	1.0	0.0	0.0	0.0	0	0
cortex	SNRPD2	P62316	1	0	0	0	0	0	ms_only	1.0	0.7904735469418703	7.0	3.0	0.0	ENSG00000125743	0.0	0.0	confirmable	1	1	1.0	1.0	0.0	1.0	0	0
cortex	SNRPD3	P62318	1	0	0	0	0	0	ms_only	1.0	0.8240189140980538	5.0	2.0	0.0	ENSG00000100028	0.0	0.0	inference_limited	1	0	1.0	1.0	1.0	1.0	0	0
cortex	SOS1	Q07889	1	0	0	0	0	0	ms_only	1.0	0.9284471013024044	61.0	43.0	0.1756756756756756	ENSG00000115904	0.0	0.0	confirmable	1	0	1.0	1.0	0.0	0.0	1	0
cortex	SPP1	P10451	1	0	0	0	0	0	ms_only	1.0	0.852194535086944	11.0	9.0	0.0	ENSG00000118785	1.0	1.0	confirmable	1	1	1.0	1.0	0.0	1.0	1	1
cortex	SPTBN2	O15020	1	0	0	0	0	0	ms_only	1.0	0.9722029651852812	115.0	77.0	0.0944881889763779	ENSG00000173898	0.0	0.0	confirmable	0	1	1.0	1.0	0.0	1.0	0	0
cortex	SSH3	Q8TE77	1	0	0	0	0	0	ms_only	1.0	0.8738413922764927	28.0	20.0	0.0	ENSG00000172830	0.0	0.0	confirmable	1	1	1.0	1.0	0.0	1.0	0	0
cortex	SST	P16278	1	0	0	0	0	0	ms_only	1.0	0.7520358138890141	21.0	13.0	0.0454545454545454	ENSG00000170266	0.0	1.0	confirmable	1	1	1.0	1.0	0.0	1.0	1	1
cortex	STIP1	P31948	1	0	0	0	0	0	ms_only	1.0	0.8634261521244878	36.0	19.0	0.0	ENSG00000168439	0.0	0.0	confirmable	1	1	1.0	1.0	1.0	1.0	0	0
cortex	STXBP1	P61764	1	0	0	0	0	0	ms_only	1.0	0.8975040461199747	31.0	15.0	0.0	ENSG00000136854	0.0	0.0	confirmable	1	1	1.0	1.0	0.0	1.0	0	0
cortex	TENM3	Q9P273	1	0	0	0	0	0	ms_only	1.0	0.8902369876078527	114.0	53.0	0.073170731707317	ENSG00000218336	0.0	0.0	confirmable	1	0	1.0	0.0	0.0	0.0	0	0
cortex	TF	P02787	1	0	0	0	0	0	ms_only	1.0	0.8191612576648005	39.0	14.0	0.0	ENSG00000091513	1.0	1.0	confirmable	1	1	1.0	1.0	1.0	1.0	1	1
cortex	TMEM70	Q9BUB7	1	0	0	0	0	0	ms_only	1.0	0.8025845956959478	7.0	3.0	0.0	ENSG00000175606	0.0	0.0	confirmable	1	0	1.0	1.0	0.0	0.0	0	0
cortex	TMEM106B	Q9NUM4	1	0	0	0	0	0	ms_only	1.0	0.7923580087506532	13.0	5.0	0.0	ENSG00000106460	0.0	0.0	confirmable	1	0	1.0	1.0	0.0	1.0	0	0
cortex	TMEM214	Q6NUQ4	1	0	0	0	0	0	ms_only	1.0	0.6522417154670177	35.0	21.0	0.0				chemistry_limited	0	0					0	0
cortex	TNR	Q92752	1	0	0	0	0	0	ms_only	1.0	0.8143560454104775	49.0	27.0	0.0	ENSG00000116147	1.0	1.0	confirmable	1	1	1.0	1.0	0.0	1.0	0	0
cortex	TOGARAM1	Q9Y4F4	1	0	0	0	0	0	ms_only	1.0	0.881140551864269	79.0	47.0	0.0	ENSG00000198718	0.0	0.0	confirmable	0	1	0.0	1.0	0.0	0.0	0	0
cortex	TREM2	Q9NZC2	1	0	0	0	0	0	ms_only	1.0	0.6317843987697661	6.0	3.0	0.0	ENSG00000095970	1.0	1.0	chemistry_limited	1	1	0.0	1.0	0.0	1.0	0	0
cortex	TRIM46	Q7Z4K8	1	0	0	0	0	0	ms_only	1.0	0.7520116708325307	43.0	25.0	0.0	ENSG00000163462	0.0	0.0	confirmable	0	0	1.0	0.0	0.0	0.0	0	0
cortex	TSC2	P49815	1	0	0	0	0	0	ms_only	1.0	0.9102929584863828	88.0	57.0	0.0	ENSG00000103197	0.0	0.0	confirmable	1	0	1.0	1.0	0.0	1.0	1	1
cortex	TUBB3	Q13509	1	0	0	0	0	0	ms_only	1.0	0.7651535687078183	6.0	3.0	0.6842105263157895	ENSG00000258947	0.0	0.0	confirmable	0	1	1.0	1.0	1.0	1.0	1	1
cortex	UBC	P0CG48	1	0	0	0	0	0	ms_only	1.0	0.6335527471519612	0.0	0.0	1.0	ENSG00000150991	0.0	0.0	inference_locked	1	0	0.0	1.0	0.0	1.0	1	0
cortex	UCHL1	Q6SEG5	1	0	0	0	0	0	ms_only									unscored	0	0					0	0
cortex	VCAN	P13611	1	0	0	0	0	0	ms_only	1.0	0.8946429570532494	117.0	77.0	0.0	ENSG00000038427	1.0	1.0	confirmable	1	1	1.0	1.0	1.0	1.0	1	1
